SINR,RSRP,Latency,Packet_Loss,Throughput,Interference,Resource_Load,Trust_Score,Risk_Score,Composite_Risk,Label
16.523585398772155,-90.59282646025932,12.537412697514753,0.4556253544489025,115.1702508146644,12.914063528328393,61.88740445046999,0.8777486546297819,0.12225134537021809,0.16540208052317948,0
9.800079468797522,-97.29286936373661,22.96285621063129,0.34007390879252836,282.38978293752604,44.68510258003312,67.43576378927659,0.8155266454750006,0.18447335452499936,0.2514262347619316,1
18.752255979032284,-94.14473065835858,16.247620130490038,0.2700202121025694,114.27450435395139,39.70493527839657,66.55121976709624,0.6867541286847653,0.31324587131523474,0.30561301658563267,1
19.702823581956068,-83.66089622266257,35.43880298614451,0.09052710395587957,261.8627685433269,29.543998240984635,60.610760394698026,0.885901137410533,0.114098862589467,0.20697260857866506,0
5.244824056730819,-89.97006708800045,6.299633929341791,0.20447939327946557,151.87955255819605,20.48376155876648,64.09911893980784,0.8894422956679612,0.11055770433203882,0.156883862708003,0
8.48910246568841,-86.59790023131661,26.3060470377959,0.08447368082338838,182.02871718912922,42.158624241693325,28.23891849397982,0.9566224634904176,0.043377536509582426,0.13455899518087122,0
15.639202015836426,-83.29920757797811,19.277655692320362,0.1244489320378478,342.378568203613,44.48271860874309,53.296220902359636,0.9130801858457891,0.0869198141542109,0.17574581015477775,0
13.418787038282089,-93.7484146289761,10.662556235233922,0.18435898149594837,297.03343567308974,16.64205664588088,61.8743729748944,0.5238546862860223,0.4761453137139777,0.3582337763312734,1
14.915994212478555,-82.43751836370194,23.573184449309608,0.4381866942712068,341.9362510136434,57.20217899445411,91.69542237146999,0.9161811884913854,0.08381881150861459,0.23473959131233862,0
10.7347803621321,-86.21157396541605,9.595674585590636,0.3356126862638982,374.77817060010324,24.422501764119914,30.25910923942718,0.8858262516125928,0.11417374838740724,0.135226811357646,0
19.396989874314144,-102.34813086911478,16.524328291784535,0.7039387428398508,188.1729034288188,57.133484557861955,65.96141821218104,0.2459333512019876,0.7540666487980124,0.5696574394750251,1
18.88895967714474,-75.57695208813756,5.136576003077462,0.5200543092486776,369.9177329952697,13.587744737292946,79.50354906189926,0.8549671719636066,0.1450328280363934,0.18576475631631154,0
15.330153487806081,-95.00744743756916,2.0,0.5843223397785255,132.75954750568786,62.6185938051683,55.58534001144779,0.7048685412933795,0.2951314587066205,0.2893694595030426,1
20.636206034840164,-106.55095343185184,12.291086282715312,0.19019944262505173,309.68802676359223,40.55389683528071,47.943200865328464,0.873819948149832,0.126180051850168,0.17823475006852504,0
17.337546711260227,-100.45043709586302,12.147582939727016,0.16319168120166083,210.5329828320023,14.276942180006078,74.91625389950568,0.6479697668589725,0.35203023314102755,0.302663115528684,1
10.70353768558381,-100.21045160678322,13.06692384898009,0.3177391130898892,175.57598858885467,5.31160479924741,73.69188060112714,0.61769828621969,0.38230171378030997,0.3120472048839141,1
16.843753920412496,-89.47826681342467,27.538420969639056,0.15917548176377966,299.1575893843554,47.1907108623926,92.35076763811591,0.9525565818819968,0.04744341811800323,0.20853474473750666,0
10.205586995855006,-92.73850505546237,31.915990688259505,0.2138800556723787,325.59612201353707,18.332610902603058,66.29093665752289,0.9298456901423965,0.07015430985760351,0.17322120457092094,0
19.39225150653636,-93.36831967640593,21.03893755173792,0.3398138402196024,323.2214709317236,21.913071767049527,73.73817047893117,0.7974575445653271,0.20254245543467286,0.24200613746485367,1
14.750370445068736,-83.80298034517521,26.325337356845242,0.17517316325513702,267.1887911115834,31.15287353909576,45.99638261068383,0.7763893956510423,0.22361060434895774,0.2413748262095256,1
14.075688182273698,-86.60124638807297,9.807986083448005,1.8308736551479654,260.55658410633913,13.93523749018646,61.82969212326481,0.7621831611622079,0.23781683883779214,0.2395849066508886,1
11.595352277980293,-86.83952129355714,8.063007505648825,0.5399401720931154,292.1493268559922,56.18097352210745,17.53607081172445,0.8462976430776563,0.15370235692234369,0.17574725362052532,0
21.11270669337015,-85.90171542671307,23.88270381388231,0.49317596773478645,274.30112604137526,31.91826749050201,82.49496509437442,0.9363160939459619,0.06368390605403806,0.1901951963127687,0
14.22735258965599,-83.83865331997762,7.1874535393611065,0.18084649783429724,293.3084671668784,64.43497786477789,51.48555885644076,0.63768910608246,0.36231089391754,0.3277811736632503,1
12.858360889184464,-111.07953341777443,6.5415746614271475,0.9838513194069989,266.3199568888571,14.587409767095982,82.97611194140501,0.934310061991651,0.06568993800834899,0.15334386279930365,0
13.239332247558853,-93.6443825226446,77.45118256390339,0.23046476027512447,317.4227059605091,28.34271355410891,49.16915616153912,0.8628919628595076,0.13710803714049236,0.2714027115915252,1
17.661545927766745,-111.80210064489474,17.97443907005759,0.9904178991642922,119.82337547596578,29.0830773158039,48.39424257121882,0.7907862343239038,0.20921376567609618,0.2294107286056049,0
16.82722032182039,-89.63940073202204,12.153236775658696,0.23823148872011085,239.49812199308911,9.5525158873416,79.31365412874459,0.862842198763979,0.13715780123602095,0.1849151307465869,0
17.06366305797994,-90.04632972224346,11.160550666367463,0.5767129955199062,139.29228049235311,43.95936401570327,69.46288540971129,0.8156694798865857,0.18433052011341433,0.2373119914425427,1
17.154105015039413,-79.5446772521032,5.267521123381118,0.2603661879085286,272.13616140839076,34.27373921248124,85.61774283902064,0.7847055421601773,0.2152944578398227,0.24880837742756134,1
25.708238004352307,-78.12365607278879,20.74910864240166,0.6130867958858501,381.3544140682958,21.85122180802366,55.25026136845249,0.8691809081066915,0.13081909189330854,0.18630651464025683,0
12.967924918076921,-87.97224951747633,13.943097166015445,1.2148928444674683,212.07321744424252,14.042656731280983,82.00183156063781,0.777045458827517,0.22295454117248303,0.25173306013048236,1
12.438786354642314,-95.003610773969,31.35316576662403,0.3438045431440515,260.18016242377723,29.417590704318403,50.14026772150579,0.835446441091791,0.164553558908209,0.2205301099067157,0
10.931136358760611,-85.14838887454262,24.363731289200967,0.3725061024183556,310.5189371937311,3.8972414256509804,92.23584302961393,0.8086055266761835,0.19139447332381654,0.241670702741349,1
18.07989711287748,-95.27917637324313,13.608370029363996,1.883837590354305,84.58216545867802,30.755152603283488,84.96841648079668,0.9034067452064771,0.09659325479352288,0.2081007901681068,0
20.644861463604457,-90.01392651443349,2.9174369511051137,1.228829905640022,208.231161428465,14.770203843630442,54.965641326336566,0.75012525246164,0.24987474753836003,0.22383141079912294,0
14.430262711725625,-80.13863683039233,18.00716833382886,0.1727817686231487,279.16125274182804,24.152508873339297,69.81585907134911,0.9930765571660162,0.006923442833983828,0.1265148316903543,0
10.79921761518736,-95.57771345989424,16.930529443875624,0.7000650702961341,20.0,19.684727953387267,55.36018982249353,0.7257381391733156,0.27426186082668436,0.258285386099332,1
10.877593921543802,-81.94321360757499,2.3231750871398056,0.07385915749565031,171.85532055400228,55.62886001067869,35.802788985982005,0.855902125377894,0.144097874622106,0.17490883424448522,0
18.252963939123504,-83.22598631307697,22.58504423307843,0.11354171001927008,338.06863787050315,43.94330328254947,73.36241542950378,0.936839328437049,0.06316067156295102,0.18705707152148665,0
18.71627085601721,-99.54791817130821,6.988180682869917,0.7040406062870186,330.239752036058,48.16244934523465,54.44928512342065,0.8934610768034331,0.10653892319656688,0.17873081931394214,0
17.715771341525976,-80.26105871782599,32.375516046450066,0.21630914209022667,279.945458189608,20.92385129997578,67.48903104735827,0.8112760026178721,0.18872399738212786,0.24293744639808174,1
11.672451463556529,-83.01433654628495,16.235315823643575,0.16570217302535523,320.5758111954542,38.487395195427524,42.83130706937158,0.8162389627761479,0.18376103722385206,0.20839726820363666,0
16.1608066153336,-88.98074112627343,10.92839602861403,1.5890167546665779,267.2083387537171,13.157309328014893,21.863889058678822,0.9807414275930517,0.019258572406948282,0.07789617480010208,0
15.58342904570364,-97.62323458027652,19.73381863040536,0.18645282846578143,294.43159259538515,22.667552835680446,68.79012353838233,0.674702169906838,0.32529783009316204,0.30183673915556775,1
16.093442983645065,-98.5920601857557,18.93307415883923,0.8567863185645936,224.74770329275088,74.64541027032374,63.4881862695309,0.9231038029244311,0.07689619707556894,0.21739397935532234,0
19.35714388974095,-95.37662576903023,18.47125587352716,0.21398442618747204,259.2650146337674,34.94606394350385,59.45202715235077,0.8990585563482603,0.10094144365173974,0.17976261317647696,0
16.11797774387341,-84.5740553670804,29.74301300715596,0.7140122192475509,199.41036908673422,70.71414961285014,80.91660358375537,0.9124870602204904,0.08751293977950958,0.2515175117785452,1
18.394567815359473,-99.55625167401398,20.534731207510525,1.573375253764305,351.07866753458507,7.852819488045689,74.19210680298995,0.8493703647296804,0.15062963527031958,0.21142707503862027,0
15.337895347444457,-85.6248775138013,10.213177052480019,0.7974939026704497,371.72475276017616,17.30149424277828,23.124388593035608,0.9150943501390075,0.08490564986099247,0.11041869486478428,0
16.44559699344992,-102.41755528878393,14.24412897312168,0.4996439212649486,360.39302405576586,31.30455728687722,41.1986438769995,0.868466750928587,0.13153324907141295,0.17120912082548587,0
18.1564411291927,-92.04068584438849,39.616319086379484,0.3219448543487247,217.351299065771,28.704988640198724,38.96740158888869,0.9837970966691355,0.016202903330864493,0.13922791423411934,0
7.714220900721668,-88.90352245425991,9.530980312362741,0.9594446357072515,173.698076850793,58.62583826931347,22.50629401601716,0.6629934540790656,0.3370065459209344,0.29037664936746116,1
13.401643918213493,-65.54869854941083,22.349735304315864,2.6639989262774755,352.157892860013,42.780015287404545,48.24167449345631,0.9602427083644705,0.039757291635529546,0.17305279239965066,0
12.648136728536024,-103.77315655520367,30.43037044705557,0.5931933660165057,293.51257620731303,27.01871090567734,75.66852153858498,0.9266273808693699,0.07337261913063009,0.19461966229685732,0
11.80561075878329,-75.27985433509866,23.75841305688617,1.0580233427637495,276.2867473218914,23.230573887152968,50.5990051330933,0.6417309996545125,0.3582690003454875,0.31709538222323114,1
13.62428874386658,-88.5015758601272,18.082181047058768,0.9044113293740947,199.30943320438834,24.303854429525103,56.48768658055775,0.944274169126355,0.05572583087364502,0.1476081328549167,0
22.47470655617198,-85.88828081984038,19.99164289209541,0.3504732938729174,284.0531050109412,27.645551771566335,49.985340090630274,0.7326447364247318,0.2673552635752682,0.2581684841054664,1
10.670844421533783,-88.81652086611795,24.72682219634749,0.1324425212085328,163.17775522704522,50.643474069201886,63.8641246686693,0.8395086275543262,0.1604913724456738,0.24119251208959835,1
19.841391772957405,-85.55273181804768,9.444520206652555,0.44098055549020154,300.72498848632256,9.500798889690893,82.94098128690685,0.8063856216019629,0.19361437839803708,0.21750627416039897,0
6.585651141920977,-91.53685104362017,17.005493727892002,0.21210410204867722,360.31093596849684,16.877702467959026,60.49628411352804,0.67986447206738,0.32013552793262,0.28107780855675285,1
13.325574850071126,-75.45949818542542,58.46251958179863,0.6472005035995799,380.48364351263615,8.590864272097186,67.06504653915935,0.8136120471128602,0.18638795288713983,0.27233506930787715,1
15.813765325525027,-94.56471144224723,22.79677416849417,0.030004109726975328,306.68192432878527,19.340262251711348,82.6407159507703,0.6376265516094908,0.3623734483905092,0.33578157716727275,1
17.93111165679639,-78.67765427820753,18.513173760586636,0.5263820546282428,139.43827603031025,10.744072589727715,53.70491781400752,0.8294284951211831,0.1705715048788169,0.1912968992742469,0
18.556132898964275,-96.44367120213023,13.251891092351077,0.22277241597219127,265.78641047568175,32.85818720264363,90.15858532032235,0.9400836400136273,0.05991635998637268,0.17807633131371947,0
18.966736175999625,-90.60251846401287,9.525825058001528,1.1142391683654227,421.17453952461705,26.934193473576208,56.89331264284553,0.7962298734154791,0.20377012658452087,0.22133220500856474,0
13.256374638757812,-100.71962552290219,20.433053083877386,0.4914607398738079,180.51107276461727,17.414451765979877,32.11149956564513,0.879991461166444,0.120008538833556,0.15109483471463497,0
12.688241036677164,-85.4497627965248,21.36895656881418,0.7385870772577862,245.26547416718265,6.217011719508728,62.06093397239913,0.9025434437995475,0.09745655620045246,0.16131835722795584,0
19.28987940628577,-75.54874043073467,16.238928813715322,0.9144504955859173,363.0819481440782,15.193729392973147,38.00098078196723,0.947458842517916,0.05254115748208399,0.11559524496651873,0
14.043478375591926,-90.77356179820855,72.65166101387268,0.2908515021137003,299.3707137658868,59.08585623451482,35.434824795128705,0.5075229341340617,0.4924770658659383,0.4772690737978556,1
8.62156838331039,-91.96885698703909,10.166387621398247,0.3637393996549873,448.41250595880837,26.261927314056322,76.48940439991149,0.6976948351222855,0.3023051648777145,0.28790614782535806,1
9.333563929982596,-101.14616963067927,8.43373097503914,0.1503751339048289,191.3704493417129,54.10476771223299,58.62699292924379,0.8503784375481614,0.14962156245183855,0.20917796779159498,0
10.402738569991943,-92.29292653552308,13.386859688579651,0.22282568766349695,170.81953714073424,29.694582925874908,95.32413889976978,0.6840642671364922,0.31593573286350785,0.32109192131007847,1
17.48580372026882,-105.92794259721528,16.596179475227423,0.2815012684021315,347.9300348668139,46.58355505814828,27.90447925693066,0.8385881909442237,0.16141180905577635,0.1909738111926184,0
15.712128680352826,-99.12877986718827,9.152075339776589,0.36484854597811867,154.32970973827713,20.475659143329057,36.961099928495315,0.8263907824199651,0.1736092175800349,0.17029842721028965,0
18.452426770338842,-87.73213953890864,20.111016437665278,0.4747106978957117,234.2585608945971,41.733008494828375,64.22044120581648,0.703698762215358,0.296301237784642,0.303832762117653,1
12.86373676831733,-76.80986802258604,21.55140350179897,0.39519330102729777,244.7482764112339,7.647154447990171,31.39649732059541,0.8171526712301785,0.18284732876982146,0.1758887208549588,0
15.79269845538357,-61.90789138770497,26.597734172375187,0.7331724745761382,332.87915787087377,52.757958208878655,62.57618806321451,0.7922501735970204,0.20774982640297956,0.27682487679805606,1
18.127951969836683,-95.86585085070901,11.888645204482467,0.2420243283055578,299.14143744201976,44.78406132470547,38.0831511007376,0.9425329831878964,0.057467016812103644,0.13472728276187934,0
13.453267301398808,-75.6469984335456,37.61348610607625,0.11648180242632805,286.565193134149,51.3850519463627,85.7518995783233,0.6898963641600253,0.3101036358399747,0.36527899842004974,1
17.283876187787058,-87.56247519598352,25.478161761832514,0.4433585967108171,217.80552976786666,15.24094222695083,52.66883057148133,0.6948857740916785,0.3051142259083215,0.27837342565786594,1
11.690370294666744,-91.51247646746376,10.011279372728719,1.0149372947550062,347.20032152655546,42.619651498326576,47.92001527859323,0.8948762124485091,0.10512378755149088,0.17352404193688295,0
13.184730767174642,-85.67405548273848,9.120759379254704,0.4294094962206851,500.0,28.611469249695176,55.01484278212343,0.7750464312443976,0.22495356875560235,0.2253260088784888,0
13.091310530008354,-89.3808351632004,14.038743521491837,0.020321086176919738,305.3025679138333,18.047107768043606,47.15627395189641,0.5654369216159814,0.43456307838401864,0.32547440097515723,1
9.020801772054803,-88.89604274387781,21.585598378606992,0.25663466020381226,257.9737766037469,39.16657146772587,30.551585302832596,0.6283133574287006,0.37168664257129935,0.3090905543547217,1
17.43486240392791,-94.08333162826669,23.63721462128871,0.5499579670520822,146.17096232062715,15.742243779718132,46.799649686472286,0.7806042524652289,0.2193957475347711,0.2241649562127684,0
12.652988298986381,-103.98109659798851,25.44793221531854,0.4927259205155194,199.00148405462772,28.962332064167658,22.61813084210758,0.9351975770226808,0.0648024229773192,0.1303209530719338,0
15.062470593638437,-105.43625202522081,56.23029700744344,0.7884797453041057,232.90318128421566,4.6768236648991195,32.771641490518434,0.7739335889437188,0.22606641105628122,0.2540152342005784,1
17.403733294529545,-83.46755116718774,3.8546535958622687,0.5429709508896514,207.2319807786294,54.19523364323834,74.3270359879939,0.5661765796777612,0.43382342032223875,0.3783368407111535,1
17.23265588014972,-92.76700090085714,15.938194114604753,0.012461356103451615,248.71377323785214,29.898223811840737,54.47665264134262,0.838233550074019,0.161766449925981,0.19737832864541455,0
18.326925544863933,-95.96088899656166,53.43377456676258,0.445426966311694,392.241286144583,25.8279318942326,81.2983099761209,0.7684022718928695,0.23159772810713053,0.3191099238425361,1
14.507572577452882,-89.91494373276846,27.366610794975728,0.09121775500996798,349.7733533895387,38.86016936413252,31.383064095650504,0.9758649724576992,0.02413502754230079,0.12547959235061173,0
12.88350843977923,-82.05067747084372,8.02905194981594,0.06454890474177699,237.29338268253966,52.70463303280588,87.5699594829876,0.7921344104591886,0.20786558954081136,0.26728973373538145,1
14.601408945468005,-88.19636056973602,19.451469872586802,1.2881440963175461,153.33760442673116,12.035495029605297,53.814908283431194,0.9242967967961268,0.07570320320387325,0.14954581084722243,0
6.56332783020985,-96.56054936640967,15.295610353322308,0.7045479122905165,356.98941143219304,45.19467652524462,81.46835652500275,0.8589077058862894,0.1410922941137106,0.23425268946567682,0
7.764437637884564,-77.7370704435105,14.921238426856,0.046557878922557555,246.07565812309085,16.297189143057615,57.59602277756488,0.7262005400696265,0.27379945993037347,0.24733035131183745,1
8.386501938227989,-74.20814497018368,11.724586228950175,0.14422219007636994,111.87996595181158,37.86883378114215,83.38392448857755,0.6832331999228614,0.31676680007713864,0.31450359955633495,1
10.013765861992592,-85.05443344677147,18.4247018695986,0.4819107768638793,306.9944094794429,15.228268636721545,75.33308964499548,0.7753271260491533,0.22467287395084667,0.24658759952771936,1
16.998871133617182,-80.2633648865591,33.430660716494266,0.4099258821359302,332.0549347386772,7.553705540126239,55.22825266721757,0.6178452141777401,0.3821547858222599,0.32721234030568747,1
10.472604723199696,-77.58040003186188,12.497553295092168,0.3865933934071234,55.92732760522648,15.36014406838944,69.13957125771041,0.8606383321341992,0.13936166786580084,0.1837608965289998,0
13.109187229803052,-78.69900683595486,25.567345632777336,0.2822042286350183,184.03562862936772,18.793870508934386,23.329790197603238,0.6896216356431579,0.3103783643568421,0.25400482183831696,1
21.496141488930327,-83.85900822887376,28.40607384471062,0.702040244097457,241.1636790953829,43.168945607552494,70.35045956296949,0.9661670425537552,0.033832957446244816,0.18175704497399714,0
13.21868014469287,-84.01652952925117,37.426843711358615,0.8841494396524439,308.7608729046894,23.843002974092293,44.28657347945799,0.7147623967564891,0.2852376032435109,0.2899920182010436,1
18.687577842335433,-84.80339426653498,9.001577133056616,1.1432750150372901,208.7402732300663,49.33084667951106,79.62772880764265,0.7862197093268101,0.21378029067318993,0.27147285120736603,1
10.331911599950615,-100.97337674547043,17.46647534545105,0.12377839918618672,183.42864784208507,25.098533164195192,84.30011694477263,0.8469964561846725,0.15300354381532755,0.22098809621743642,0
13.97281221066185,-82.99276843140414,10.756840673950087,0.3210421219553018,308.1735399744226,22.21049086017172,64.14270248890548,0.872496021990741,0.12750397800925894,0.1758260634846478,0
10.249889725447094,-103.55813971126554,18.447762462159652,0.5650105652674595,212.53421013486727,55.83388537014269,28.887750664579126,0.5265691438577864,0.4734308561422136,0.3784303562588534,1
13.304834620497187,-97.94599455125055,18.365812825598855,0.6385554594592235,293.36437204389574,9.48945169507743,44.774011314008476,0.7993620482451418,0.2006379517548582,0.19854861030724844,0
19.20154068728698,-76.96434932191913,7.341097539857595,0.2046823080685693,161.07874760203276,31.897225741169077,58.93238649592926,0.657751840604667,0.34224815939533304,0.2921245692950036,1
6.363397884038257,-81.59779837305803,19.171968562842803,0.15283596315263687,141.81335846108811,16.649487383275634,77.76046800962281,0.8615519389707007,0.1384480610292993,0.20084270143480365,0
17.172118217729288,-75.12601710314138,57.91702552692321,0.38446999766962886,310.42153260563174,35.30011146694116,59.908238774736645,0.8550108163970925,0.14498918360290747,0.265672639490358,1
16.188678011661388,-92.71674383687292,23.69595577692743,0.2799660606164263,270.20159282537713,53.28307869855339,68.67773061558562,0.8410533691969337,0.15894663080306626,0.24772505052738086,1
12.029250221516028,-101.52248841276767,6.166455697248389,1.8438245145329535,323.79645865889654,37.56509121832492,46.18638068595379,0.7727685447383108,0.2272314552616892,0.23641670098940992,1
7.769710728057727,-92.40437197070342,8.574372645943244,0.4583280441442158,207.39255992628466,24.501981209918895,39.16350991937088,0.7415801465317606,0.25841985346823937,0.22324124994717842,0
15.360647538569348,-88.97968702759425,16.87698147365535,0.18581990304409127,186.39157580162038,9.40381249075784,79.23619257765341,0.9788859279378812,0.021114072062118794,0.12742641594350052,0
12.352536454680987,-89.2101128365999,8.729779894397835,0.32649612266790395,358.85751100327286,31.13804283255267,55.79869299401399,0.8667521668924024,0.13324783310759758,0.17658267510402112,0
16.16338105677352,-78.66319521243298,36.21438628330206,0.15001944017426233,128.16329888044237,52.45861585099728,67.72312916338285,0.7714626300987679,0.22853736990123208,0.3016990722867535,1
15.109260727617215,-93.61270425003445,5.556524100293728,0.6303741890594405,350.11685673445,27.80503509786149,80.77538796274955,0.5983150195927158,0.4016849804072842,0.34414569032565234,1
23.00889445660458,-86.47965528197076,23.80076473295269,0.5275995257013698,355.64037659859065,27.707807406961365,51.72758958612468,0.8322211291596351,0.1677788708403649,0.21269091831172948,0
13.803221862634878,-99.88627149434606,4.580342470830461,0.5163094745761486,318.80716114128603,29.8136941004389,44.89781833802987,0.5848134633367574,0.41518653666324257,0.3150977160552593,1
9.882512536890676,-85.49682721956187,16.697098575105155,0.12718211436607957,194.97539863916415,57.883531190838845,40.54104077155941,0.8033811937533055,0.19661880624669448,0.23288238440439873,0
15.896378174781582,-89.96891449814363,7.768010830719259,0.17413927738914844,184.67809306197125,9.389246616281746,57.11660781636698,0.8172841570928545,0.1827158429071455,0.1803929770515491,0
16.099983419858827,-97.49813338284517,26.561089470828406,0.11366067058659371,233.19553816014405,48.86621130381943,46.83078325278795,0.7741567555159921,0.22584324448400794,0.2608890199349203,1
21.79593787620218,-92.35829362174853,32.57916682498003,0.1923002175896907,146.39682585348805,64.00788023461527,76.75119104812136,0.8427511388629872,0.15724886113701275,0.27803769732146055,1
19.17555622957289,-91.84175746515221,21.54409501193689,0.5433559305042737,173.06448009971226,73.31745796890543,66.85923900553999,0.73070448808111,0.26929551191889,0.326038930352783,1
16.784355295747545,-92.70155129337095,33.49876689615632,0.11396680922519449,301.5787433207237,37.916165054465125,75.99931116282926,0.946854601397905,0.053145398602094995,0.19453326388493306,0
22.31651445609781,-72.28658757732316,2.0,0.37104964884169783,301.9479291379326,19.68971239910364,62.721122745372696,0.8544635068911889,0.14553649310881112,0.16916640284273943,0
9.056184728385745,-90.9844600230788,19.01225933489286,0.8077903116078243,166.0340138772035,53.608435321187585,32.0938408994603,0.8056181581542976,0.1943818418457024,0.22920858135420175,0
11.801242336251262,-92.43896110177337,23.587754389422827,0.033875276062022716,304.089754824006,24.093129174490922,74.6897102795162,0.78588105895319,0.21411894104680995,0.25226864137450705,1
10.367120292972375,-110.97450957610141,25.530845846500572,0.48871704506413893,286.3442644591845,2.3223893786342362,69.65885357388372,0.7668742654819972,0.23312573451800278,0.24338383615781173,1
13.05095098422116,-98.94207351979477,3.4150577738590466,0.09570918626278235,370.7909003661683,37.02380153430471,50.8126623984773,0.692011239797503,0.307988760202497,0.2633099605675717,1
8.116569262218455,-92.63073424456353,22.713181616497245,1.0055503018287135,295.5309153494017,27.51558156996012,67.52446624906858,0.9541878499247344,0.04581215007526562,0.16436200580345778,0
18.175754734072022,-96.85852676176643,25.88034973388108,0.05679172908031711,334.68648429875026,71.19759201797979,40.043726897211215,0.8825479828526959,0.11745201714730413,0.21522837023783306,0
13.888886514506133,-76.18292406622203,18.87061004005927,0.43363092513039486,288.1662072744169,15.242358772050576,78.46029030026769,0.5686267546255627,0.43137324537443733,0.3636001583396517,1
7.64596852748671,-91.64937775396218,6.218743660371105,0.5674281594737811,328.394328775775,18.764479220325878,90.06107856153137,0.8128419720412546,0.18715802795874537,0.22676487024446168,0
9.922104593962292,-77.11555750681748,11.66115961186497,0.40698736538871744,147.030627474578,71.68285704061445,59.235103449116544,0.6920735205991799,0.3079264794008201,0.32183913723186663,1
16.567569237250975,-89.38295365949632,36.32750437095461,0.35940972953673,240.26044343112693,28.170635505513374,61.46054987178026,0.9408068678513571,0.05919313214864286,0.18027276191084643,0
19.190632839471906,-89.62772163578424,33.87202432647521,0.1388764853656311,246.88137854179763,42.91866769520663,42.91321620935344,0.8802697234499176,0.11973027655008239,0.20388033735047456,0
24.983654458458933,-90.88796447712501,23.313326379709984,0.4470334606503285,230.50000424517742,56.73386304405077,72.48431181916638,0.691851159866923,0.308148840133077,0.33814036111247775,1
29.56931233003665,-89.96203748378541,26.912343012707883,0.6009522787711591,285.5109304253381,18.039379930684653,68.6928853407086,0.92677711707204,0.07322288292795998,0.17338288818854464,0
17.07204716637998,-72.8120499695014,31.46615752939638,1.0161539105597457,300.7503723596601,39.88499175911386,63.105830881038436,0.9072042133978085,0.09279578660219145,0.21138928067104962,0
10.052309399840679,-113.19610726751219,23.143031938997037,0.742029502790228,281.38056616569185,29.75593734187758,93.15708456524064,0.9477751857818255,0.05222481421817449,0.193771512663512,0
4.339768596343454,-110.01545744438678,35.70344855531225,0.32640549891964976,235.84448950229296,33.63095031063803,65.3398173195234,0.7594459422218741,0.24055405777812588,0.28809472723029556,1
16.33855731171918,-95.43170831056113,34.98850261985775,0.9725585324741347,191.14159361239,49.391897472270585,41.56619035859993,0.7914235339632169,0.20857646603678315,0.26788348340562923,1
10.93529452344837,-89.85472118062431,68.70099704138792,0.25377773741589343,337.7748859324987,31.698059972199793,84.97330936234236,0.892218004986898,0.10778199501310204,0.2815407395279891,1
12.923213699101574,-83.09895575235987,12.018597916885692,0.45366745316258844,277.9786253291068,47.6339003601359,68.12011887901029,0.8163306031489613,0.18366939685103867,0.2393367589141719,1
11.939516004700959,-85.26912801972524,12.177766723208823,0.780074606121835,168.5108913280473,40.74676108427202,76.34467080458131,0.8921818956965265,0.1078181043034735,0.20245878540179535,0
14.296045567918073,-93.8424591288057,2.0,0.24639957864942597,234.5049966680301,32.21136641634369,65.2830993969499,0.7233527114706992,0.27664728852930076,0.2551144702909033,1
20.329901153938216,-79.80956306758237,22.056720231301632,0.2696417898275555,110.5360257834111,22.25478963048782,85.83859235917508,0.8736083408223861,0.12639165917761386,0.21339029278257854,0
15.785242837226724,-79.69804596847268,51.571549309303236,0.7021557934704752,252.82964914779544,34.46662830370519,70.28819300157684,0.8706499448205408,0.1293500551794592,0.2602762335526442,1
14.206825814806558,-88.15942168728435,37.41391247519799,1.3409494211114206,234.12960459211232,31.583241015608532,49.396063811142774,0.7505608063774268,0.24943919362257316,0.28770122424307776,1
9.821731235870942,-80.37342427513158,28.999648733673293,0.5763223767043086,204.04264397157297,29.614961319959292,88.26224519727715,0.8744859379801136,0.12551406201988635,0.23617263749572698,1
6.626585276478215,-87.27354736567871,38.964115884963604,1.0475685992056571,376.7680151842824,44.095126868698514,72.00819121997782,0.6565295459945931,0.3434704540054069,0.3739339276111521,1
12.568460454633346,-95.61483026782884,23.856435211124573,1.5788048149038105,157.50767043663103,40.65699725403585,66.4933321163383,0.7888909549926288,0.21110904500737115,0.27483300509015324,1
14.731087245908398,-83.02183160999995,14.155375587441336,1.4116003101788501,306.5114361345868,31.33353068946352,49.8033378666685,0.8306993864409774,0.1693006135590226,0.20960127249654492,0
23.839649567899414,-88.89386877421322,59.20349632137856,0.6147637218863782,424.93665287454985,18.53217914987039,31.225219185944862,0.9498760860898385,0.050123913910161466,0.1722784326873357,0
15.65137260736443,-89.98660153245513,22.756876808675013,0.6847368508051714,336.18143229733505,31.562169256704014,49.249157664305685,0.906194530405918,0.09380546959408198,0.17338701891881902,0
19.913697555115288,-75.27046427810426,34.526156811038504,0.8412697829691529,247.47689743217865,55.89038966859571,42.56631626252503,0.7704413275027406,0.22955867249725936,0.2849159088508627,1
12.50352200730424,-114.50872128540087,2.0,0.06755394367089665,159.2745088461338,40.115622273029935,58.25966453044157,0.7306223305408951,0.2693776694591049,0.2502085444426882,1
9.075281167914877,-104.17684170159569,2.1328884362553997,0.1183711406139183,141.03502587324357,53.32052760667434,65.87361464553612,0.8097435220976594,0.19025647790234057,0.22821824915902006,0
10.17441618883814,-101.8707042637437,19.406573788231128,0.2316754019918854,217.07586440339824,78.24865475185402,86.3431885110533,0.7823565311533937,0.21764346884660635,0.3157223658308064,1
11.373869677321235,-93.63260647568805,8.732727374281371,0.432697919141467,195.03994128688734,31.422951274854928,83.95744934343985,0.7895085996012186,0.21049140039878145,0.2485767410904613,1
25.64234866217582,-92.5460816976603,20.58877690753624,0.17982829953132062,192.43624728334942,40.082806358307494,47.93322382365617,0.7016354009187001,0.29836459908129986,0.28479800803329614,1
10.893066603878069,-105.07325647773047,12.1654988674673,0.8696149057101485,223.89492356230048,25.99937049915335,32.942720514992715,0.9545212966659796,0.045478703334020376,0.1108997752061597,0
19.192446018681725,-99.85158032310827,74.61139264935058,0.34642594136192645,241.82023256914505,73.36904601360126,79.40478116239862,0.9310105545909395,0.06898944540906049,0.3060993705386283,1
10.485364109564868,-98.6084167852357,32.86177610730062,0.1472179855927316,288.8169558116237,76.7143952818136,60.20867176442041,0.9470255631398996,0.05297443686010039,0.2168238513361675,0
19.657865064371222,-65.42575907924109,41.243670884667694,0.16015365581975416,150.97630244300566,28.628333674702173,18.054174341669246,0.3560855672730604,0.6439144327269396,0.46430248890138726,1
16.924754830529317,-71.98258052252854,2.6496216828494394,0.8095998642333015,195.420496309356,19.708796107355315,51.542620910702155,0.8394017313676534,0.1605982686323466,0.17165089593245528,0
14.216810511709548,-94.11749417684649,28.756845434093947,0.31282375942300467,237.22623337420148,22.9199250816593,94.533099326605,0.8504597360214432,0.1495402639785568,0.24596367534184152,1
14.79618736932283,-93.63583290306799,15.338346395283612,0.44769075594822677,234.3611845261385,38.06600961958186,54.27433879280568,0.8312871646081156,0.16871283539188442,0.21261683503033169,0
11.726061522853048,-101.49203997188295,41.71912304691866,0.10500638641219405,396.91389659307384,27.746325284231098,74.3014077588067,0.910795918220212,0.089204081779788,0.21473872645642117,0
17.2303610074104,-109.08130413225267,26.193356042849697,0.22863609356423104,268.5797274179086,41.486287195510066,12.344007431502467,0.576160787429373,0.42383921257062696,0.32851825654077427,1
12.7250825982961,-91.16880186408524,16.898387626607565,0.08903746483871466,120.91281504324604,27.946101317768672,55.9773850011395,0.9303848721880781,0.06961512781192192,0.14844976270376373,0
8.871971181163758,-99.97851983244026,6.787633654985286,0.8298733852968871,283.4545089269412,31.586479703669255,19.039741832891924,0.7268010083025856,0.27319899169741435,0.21936585130558586,0
8.610312128401905,-90.84850531662009,19.16138626266342,0.2992261287193581,293.6530978195183,47.93972362232285,68.52406932074275,0.9190662504544805,0.08093374954551946,0.19271169587429005,0
15.862939588610597,-106.00205849043478,35.828723675636866,0.7476731012310316,239.98975774042094,46.217250233486354,91.08014925362191,0.8166483551248086,0.1833516448751914,0.29936062069422914,1
22.895456282052173,-97.61974458310257,43.173171693720306,0.029445037130866606,152.9282660472639,42.91602483474675,78.69202826246796,0.8537159620393707,0.14628403796062928,0.26711848188744997,1
15.799958067867191,-88.51372904697169,13.50728190180084,0.6200357641948657,390.64437562507703,70.63790593389785,55.75160407069005,0.9282511061699494,0.07174889383005056,0.19231268210576566,0
14.406808369450587,-86.33790402216063,67.51018603242208,0.4470077306615605,164.40928691349941,27.2029441509737,32.712178426226465,0.7862569726622061,0.21374302733779393,0.2832091439682356,1
16.429130698012713,-85.82528041257986,34.138810821545505,0.18219215998239657,302.86177651327466,32.224866636119515,32.695149963618356,0.8147239978190844,0.18527600218091556,0.21985195563138366,0
21.530008708534126,-103.20488984157038,8.87448922606493,0.8098175753369286,266.0040423251148,12.19260360764137,73.12973510728902,0.8274178244946538,0.17258217550534616,0.20165244483533745,0
16.096912506819283,-81.45314269864438,7.334439093779224,0.3461134835358234,298.0648439223816,34.170517515329266,84.36292976447696,0.7843625544703535,0.21563744552964648,0.2515968357971389,1
12.945363845831315,-98.0021169660185,16.01657103652384,0.2637936338299849,386.54863393338644,25.643459651507467,82.96730925535007,0.7142243084521634,0.28577569154783655,0.29245019215125323,1
20.531443550299443,-83.67142085392693,13.483042155105931,0.22540170622351777,294.9311097712828,15.322233612288569,35.70358860722052,0.6057061931260186,0.3942938068739814,0.2903659962950929,1
17.143782192308066,-90.10638676618193,23.977923108763044,0.30123016697593635,205.30686183651736,47.13182366292353,87.66873215633623,0.8616537804242931,0.13834621957570692,0.2498701629188025,1
22.67877995997996,-103.76387499077948,17.840204691540233,0.7488334611224056,338.47938201023686,37.99259392809999,56.043451065246444,0.9130383937857409,0.08696160621425908,0.17611357005972333,0
15.91617218610953,-93.16197704581188,14.305925315513925,0.3557894027429784,199.51204399647042,86.90294614940044,59.95057122929774,0.7965774621059021,0.20342253789409792,0.2837526952211527,1
8.877654841397499,-86.34636257936232,4.823598245678509,0.8245185660020415,263.0846409116214,66.34816322161824,61.32216849483427,0.6525874442264645,0.34741255577353547,0.3342278204204352,1
8.159204003771675,-83.87034619525402,26.700527419912053,0.68091153845992,146.55331135873678,5.795944942646307,56.29764220867616,0.8536435947118989,0.14635640528810112,0.18944951657424539,0
23.254639661156247,-91.40987897444418,4.452373904250557,1.2453220434633503,167.33750181305982,43.7933085372756,43.81885854132381,0.6078051310187678,0.39219486898123224,0.3224511263092865,1
23.618328603916485,-74.68221109398948,34.20726891231541,0.12637800123047846,254.1109336348949,28.590733368741805,51.39181478468458,0.9350391966167384,0.0649608033832616,0.16828567339499817,0
14.102403933586997,-79.92489229013441,2.978538020093021,0.39815793058074556,279.44693668646977,6.947390375851461,82.50385464365547,0.7647548176982584,0.23524518230174163,0.2272854816214118,0
13.084063394320061,-92.56654116399753,4.213706580713327,0.17291544487016564,113.80875018471758,19.436794775608192,35.04670021789371,0.7932844960504282,0.20671550394957183,0.17622673648553805,0
22.30722146121101,-82.49878187863055,8.842391607902545,0.3305141646010187,289.78298944005314,28.371352705402025,69.73740588902658,0.46862085502157724,0.5313791449784228,0.40693601739042506,1
9.464771589782561,-70.66206514811813,12.632929165889037,0.5663305974370635,184.44568187213622,70.08271379236332,71.57496291580989,0.6851611032963152,0.3148388967036848,0.33943176961840404,1
10.526364905220868,-70.39515399216972,10.80020472907304,0.08249220754022737,352.3750412536933,27.766855042964206,91.50719132057894,0.9019908110895498,0.09800918891045018,0.19020432943330257,0
18.216633973445223,-102.27999880822497,12.593303852792488,0.8872579559356226,221.84284569403934,23.957632301829754,59.38907227471583,0.6936156941869367,0.3063843058130633,0.27962060811227535,1
13.026974385702053,-99.2653311115715,20.85963572044309,0.05474186819666715,160.11021843600113,6.577393013333898,32.33184215156228,0.7170532554296655,0.28294674457033453,0.22636681694121147,0
14.974390666399643,-75.15081213266149,9.005201020594885,1.082275125568774,256.0643646367402,17.663534324106312,15.677259495025812,0.9428782899858401,0.05712171001415989,0.08908828711350013,0
14.182785507377437,-100.58281050837637,20.987263300611446,0.4069589358744003,176.70119991370197,28.488162638971353,81.22868075839534,0.8532108181979428,0.14678918180205724,0.22600137769815934,0
16.687872743994667,-103.22541133291679,2.0,0.7866890576691432,351.5156113146501,45.57727156254634,67.86912739978548,0.8457862415743058,0.15421375842569418,0.20913085667315506,0
22.037409306568584,-94.86194130699047,8.740760612763271,0.5330772423415668,250.042416602648,11.042429166485473,51.0066024434455,0.5870610206625247,0.41293897933747525,0.3076073835881029,1
15.452924534508728,-85.79773290525414,4.020022192382314,0.17294746333956942,237.86587015253704,33.686777433931,34.987134215422586,0.8366823423006277,0.16331765769937234,0.16625813130597755,0
18.21969396638429,-91.02396706611097,33.964675143180976,0.2131405622678479,297.34408151448065,47.630538028508816,84.91193942173085,0.7389830512327147,0.2610169487672853,0.32918021760969657,1
4.749139494844886,-96.50563620405592,9.957422716883475,0.3612475679023252,169.60420486397655,12.68465735926342,31.496689702787023,0.6156764846563391,0.38432351534366094,0.27410789025541243,1
14.75640799034941,-96.7421246172451,25.64968638486632,1.2265842547009063,146.86770757371886,43.79825221024392,62.685222134006416,0.907514742585554,0.09248525741444602,0.2080907380465042,0
10.783848648535646,-97.12337064412709,3.3561637149660046,0.18606544670273756,282.66812635533097,31.78075645535843,52.92977929080757,0.6225073047676678,0.3774926952323322,0.2992264181634251,1
8.905934697881861,-98.79509628658943,42.73954631084776,0.7440293857878623,162.02634335929528,28.314139811716217,81.72821867123551,0.6671500810358407,0.3328499189641593,0.3646594272373896,1
10.609238165356246,-67.18367122723939,18.54930844272492,1.2102369672742652,161.99918770004348,21.013212292376448,90.0091128204476,0.48060769585104285,0.5193923041489572,0.4366144247315805,1
13.32938279649594,-87.02488928814445,17.135824416261315,0.15513133613579444,316.94048249767104,21.43683935539053,79.97224197574104,0.891177924018588,0.10882207598141203,0.1885162731066581,0
19.579512711780065,-81.13240945595261,4.877330675880163,0.01717473726948003,292.0051287987152,63.86036386700666,35.6224442323359,0.886485482406706,0.113514517593294,0.1694035361621693,0
8.36803641130218,-94.89077468118924,7.894660459025613,0.5891285830955735,149.6936366037671,38.34529798780294,58.459381609669315,0.8648879267963518,0.13511207320364815,0.1888495963789729,0
15.153157462972088,-91.85956677186049,14.63042467985607,0.31146660407440757,200.46911656469308,68.38785448845746,64.23707642768112,0.9644022266529648,0.03559777334703518,0.1772640093175361,0
12.579152833332108,-97.13553981370355,8.142682824809029,0.1887050302715752,177.70147552429438,41.38222716423266,58.70555158910166,0.9511222695226548,0.04887773047734523,0.1410716050558035,0
13.361634528190196,-116.51708334919202,31.898028493784285,1.5069231462666495,392.10554384324644,21.12752600049761,67.32660858506442,0.940447599847065,0.05955240015293495,0.18412422887301916,0
20.013789126523022,-103.78009276847867,18.1721418612106,0.07077872209957646,322.48083420564865,51.950217701607606,68.76302918625849,0.8838054715353055,0.11619452846469447,0.21258623755625972,0
17.69057718501963,-108.10618679980395,8.224671935199128,0.04538157920977305,216.33241231957808,49.68613905023071,40.47409234990824,0.8258491081710444,0.1741508918289556,0.19873404560096097,0
21.686990537213717,-112.49783777951608,28.88257174323302,0.17908356220678806,296.0955751474794,64.01854161863768,47.69044535352195,0.6611374504459554,0.3388625495540446,0.34319808246380157,1
14.227471603750498,-101.95358974298102,13.270952794332809,1.8530516930674592,141.50510512553365,35.0530251983337,53.06404804526491,0.9705914987802198,0.029408501219780225,0.14272869503665153,0
11.520286941646486,-76.75044320618369,28.056780404875155,0.09396648295455544,196.18830790484057,61.359390350257435,51.78738715632956,0.812727806987691,0.18727219301230902,0.25917131910021524,1
13.880705915597503,-90.44436167704355,11.764993743984835,0.7119815785291121,258.3890612753509,20.179509891861976,45.73140277550161,0.9035152862258029,0.0964847137741971,0.14374481164444036,0
16.21248395635611,-77.09436237678825,24.51827383050677,0.24926145962996765,286.17845993167305,15.436932196804772,76.9737276041739,0.8186143084592027,0.1813856915407973,0.23144281549047707,0
15.882866792268555,-85.89017423099125,12.934523428186287,0.5245055476667652,242.20326995892447,47.291637761646015,27.73149540308768,0.8497346781357902,0.15026532186420982,0.18231590080899618,0
9.578059638833167,-82.1744117428484,31.90509113027836,0.2930260318660476,269.8410808571381,22.59265405343969,89.58947488399826,0.882798627959666,0.11720137204033398,0.22743078057369967,0
15.45244890813937,-99.00896995304575,3.4308414621264918,0.13102062122343858,256.2669167962501,63.232491142612666,32.05400149732109,0.9675964839421782,0.03240351605782177,0.11956489487715988,0
16.141141650694525,-84.76049045807329,6.3304427113439,0.5891902444405707,236.9138078382146,11.309132121637038,67.75982941132511,0.8789810576694282,0.12101894233057175,0.16101694632619817,0
27.587370187669602,-82.71285765925654,15.575687674973276,0.2722969619996119,226.3083526247285,11.444933465469113,66.09445427822538,0.7891185865850558,0.21088141341494415,0.2196106662543698,0
24.384223056408352,-95.76647292233693,10.305024938487863,0.7660847050178275,215.89881018577728,25.414929136367448,84.31727965476883,0.7034332542727689,0.2965667457272311,0.2959623033990234,1
10.7337832472059,-84.40459629383834,12.646305906872827,0.15965549934730977,268.55500069028705,10.27413117996053,67.49486719199568,0.7804930026437231,0.21950699735627688,0.21906386077169085,0
13.563083192254119,-84.33812241425167,26.355067677565504,1.237553766575787,282.8652471359565,35.71663627704132,68.18367583355158,0.8874501389664838,0.11254986103351616,0.21771087486113289,0
7.682789990814984,-95.49552621130083,12.451497577495804,0.5099912195272167,265.86873338550674,22.61930690105529,51.881508201699134,0.7923052758659926,0.20769472413400736,0.21251007193797433,0
12.046464930182568,-101.22768432270995,21.48630529583841,0.5755884735231075,155.71223599991524,10.08161160898867,44.236842391700506,0.7856949394908596,0.21430506050914044,0.2101715799597051,0
16.578025017951703,-101.84128331898272,8.691736952551963,0.7201144628310607,170.08577190854498,2.3108979829662,72.84009603383419,0.9371470822876897,0.06285291771231027,0.1299588488157096,0
21.02926810444117,-89.13494458078539,2.7282959776337576,0.4909073923378893,281.91054447584537,21.273331010079467,87.45709761943635,0.7353121818304862,0.2646878181695138,0.26331024651257795,1
11.354580811281958,-86.72990131210685,27.94626526027409,0.2501390964620217,367.73386405367023,0.7550022110810135,85.72276209141278,0.8999633159013447,0.10003668409865529,0.18591872941178555,0
11.729267799661017,-97.92525830457915,48.73014253159613,0.6199838783894788,262.19323692470044,18.707205152609347,56.050378950198635,0.4152515625929523,0.5847484374070477,0.4756642772579733,1
4.263554851306726,-89.73414658673902,20.021992656530575,0.304278542436238,217.06652700184046,43.176584288262084,89.06654479560858,0.6106063495190905,0.38939365048090946,0.3794854112575291,1
14.186670397275462,-84.29462963861515,16.178882543229626,1.0306895705560009,267.94723643542204,44.383076000532895,77.39188171107114,0.8912801810956833,0.1087198189043167,0.21614607762938268,0
9.687927940702185,-83.818092853347,18.625405970346655,0.891415454242287,159.05428619892572,53.632733188888835,49.68223222373912,0.7298018226631686,0.2701981773368314,0.28877622644582807,1
12.352802863169632,-74.48119879877511,39.14528352521691,0.8644787704397658,354.7154525229171,30.216948949836826,75.10093382662106,0.8282544226687295,0.1717455773312705,0.2671406633008797,1
10.615696109162059,-77.23019167801957,20.182650699296357,0.6946331278920469,264.92753156064225,48.80433156114762,28.097809328873307,0.6721697856178686,0.32783021438213145,0.2944290661280582,1
14.528687228737216,-100.01291432756544,28.815972071301015,0.5278495961389766,196.44342294315612,10.773293429362363,91.18026112042152,0.8795023727156794,0.12049762728432056,0.2167297036245015,0
6.211358043216844,-73.16413790461978,28.007937898583336,0.271339776114292,236.65636271257,35.78861392469075,95.25745029706718,0.6045151914425234,0.3954848085574766,0.39328801353738796,1
7.664773773045047,-95.30976504555714,33.60985619015263,0.2707290781429499,207.83710143491075,45.35029375218278,92.64992929284071,0.8085554901634318,0.19144450983656824,0.2964167785217945,1
25.64623556014149,-79.55127187545573,15.935091389675048,0.2394894753175062,354.9335981453467,21.666824573002767,62.6785285218668,0.9532711864428595,0.046728813557140536,0.1363437323889845,0
8.562887093629845,-89.32013373948911,11.647285616692667,0.7970063890561281,233.82079284423526,47.14669844109993,33.552941296098446,0.6329277702679611,0.3670722297320389,0.30803035840542003,1
9.516072107726803,-94.12149378456968,24.69596182218804,0.054163043180815634,262.42925968924743,30.740670942725778,35.60690339130178,0.9466575621759095,0.05334243782409054,0.13327148830236757,0
24.18456764160657,-108.07696859774933,32.13076241524438,0.5717521403223734,295.89811653210336,29.133354974216534,63.62670064746068,0.9675494255781959,0.0324505744218041,0.16452153657975976,0
29.525335846202033,-91.71564510216348,35.990633818545,0.06052604470528011,190.73867169883664,5.070884382900355,71.64145776750102,0.9102072305371515,0.08979276946284853,0.18068957652983839,0
9.142166855873292,-105.59383235305609,42.13653200606005,0.5735713896781135,265.4967572908126,49.12508407608998,52.0484019525048,0.7982566935478226,0.20174330645217742,0.28107281648316357,1
13.158755216059847,-80.32700764157228,30.328029068263735,0.4139038408646585,271.9548455515368,50.889792901953356,54.639617863182146,0.8491097243535354,0.15089027564646462,0.23815014438173324,1
16.707777754702548,-74.83207342860752,11.171605088434962,0.17900942928764593,125.67369431835031,27.30258082245678,50.334112125150675,0.9098432027966151,0.09015679720338488,0.14577043333499806,0
23.643488222027962,-97.9691098929669,20.005976913608194,0.14127638320249886,270.2157191022088,55.14164663019796,59.89300866114887,0.8103394589761306,0.18966054102386942,0.2507696820569123,1
10.065714607858812,-86.9802925748073,18.83166858135713,0.07021119592366756,246.33903480454887,17.330964689724183,69.50111882956024,0.8014304627330902,0.19856953726690985,0.2249949438473572,0
13.773610770289451,-97.25391522007976,17.462986305030196,0.27751712148458446,260.3973033692797,50.72501894588631,37.43116854479561,0.7737490099804841,0.22625099001951587,0.24156388267380682,1
18.88668788030872,-96.28484730136789,24.72823079896192,0.6256385919197611,252.85037707924533,23.502280771248312,70.36948041962431,0.6948004748367247,0.3051995251632753,0.30508023214831453,1
17.173830372333093,-82.25505296134628,14.92022301467355,0.20303700651777895,270.73358983600656,45.01143587066447,82.70693280249526,0.7995525873920339,0.20044741260796606,0.2623751501947292,1
13.119219643849505,-90.38538261843412,14.935653449659089,0.461036266027808,356.9874580540926,17.036401385609363,79.83514273569843,0.8494956154352292,0.15050438456477078,0.20666279846669844,0
14.330885177419795,-72.60351958068989,50.547206293352374,0.7249532019761546,155.63940703319125,20.020283774650835,52.48601183104652,0.8710629614431064,0.12893703855689365,0.22649200827177896,0
8.12552095815009,-94.8223247870292,16.521886617133728,0.07344399676625571,222.6278131599664,8.60740763521345,78.20490256952604,0.6982760275893038,0.30172397241069615,0.27827776492398554,1
13.809131280126675,-80.00663667525511,33.457958737454945,0.1263288785772986,303.3294903170269,25.797554117790416,75.34604634306416,0.6349378605703752,0.36506213942962484,0.3533780040391037,1
13.668062549955224,-89.02586587042218,34.67556789858271,0.026583587484079026,288.4740694182329,71.58933920541442,59.9414243351411,0.686152874006355,0.31384712599364495,0.3564258705597751,1
16.16084944813128,-82.04221990255766,20.377229727031892,0.12679927963158497,286.75244426736674,7.931409354624569,58.65699483699481,0.9615057921481045,0.0384942078518955,0.1195940558970256,0
12.22336390590492,-94.47157657329947,15.35352414026374,0.4455238408067457,470.286177253867,6.276477842616081,78.3972783174401,0.9654470040670855,0.0345529959329145,0.13116342854162222,0
17.357692612725696,-90.49558837551582,8.974661127349927,0.4083025261900549,299.1308419293365,60.013836891386795,80.57520912544037,0.7038729511182124,0.29612704888178765,0.3210039398547358,1
20.063579089099143,-91.15498879298934,4.390242763561434,0.4878965789022263,340.475023700402,53.472522571109714,16.4157048962935,0.8407979200539831,0.15920207994601687,0.1689137013720769,0
15.77714663834233,-98.36057114845786,25.879789760346842,0.13968988180435502,225.43423529179933,26.28550565857045,72.00881197242303,0.8223183813657856,0.1776816186342144,0.23623579133837525,1
16.758782041996017,-83.37918465418247,22.5915697802507,0.018464940249438802,170.56701008821744,7.131473584868633,73.9744297349942,0.5891763342775289,0.4108236657224711,0.34113092354009245,1
15.265776737889336,-83.49750994421636,28.358455872600672,0.17172663237194502,224.85460566130928,17.699810253620214,76.64386991578748,0.7333838902040347,0.2666161097959653,0.2852374906898091,1
15.00042196545707,-84.06445305094434,12.206719058954311,0.8787147818388599,306.95681370747235,22.324140162577493,77.65722916628657,0.737449584805732,0.262550415194268,0.27148132409253156,1
11.392209832285763,-74.63034346082355,53.67642312906468,0.8688562861993832,282.546228386334,31.681727422588974,27.25147480380498,0.8718906280815912,0.12810937191840877,0.21859655433710962,0
16.58247130836654,-75.50655198763697,23.909910161295745,0.36523189320916694,282.2601096479104,34.41391220857792,21.954595814960847,0.7783570600122826,0.22164293998771745,0.21778930919081863,0
14.513567007932552,-93.74944689849136,16.08979537976045,0.17381291253158188,232.85244905622977,11.758968711988127,15.361621023512978,0.9402343089730982,0.05976569102690177,0.08586454199525356,0
25.465841544652974,-86.26947681565822,2.5490264581311344,0.6241212312565172,220.095790494962,56.713494305259445,28.82860299557083,0.7595156212929095,0.2404843787070905,0.22787325758949192,0
22.86677451237621,-96.23600689258213,13.23222138905893,0.47914275778355075,235.6114204565378,26.691772747920734,91.7576012371773,0.6459810145336906,0.3540189854663094,0.3377995756529921,1
16.929232762782505,-89.76644683885445,29.218608659331185,0.16185722212144282,307.958036013217,19.745644393827032,75.7345898486696,0.604678048671339,0.395321951328661,0.3583537926834714,1
11.184713951526163,-95.99749449118865,41.46785327799605,0.8272601411340229,317.25819425363346,18.572347505578684,78.61790450333106,0.9095786762748,0.09042132372519995,0.21739636138610402,0
9.43794264008291,-73.79929690863949,17.881375894333413,0.7873340170664561,169.50066802630178,8.313714421495188,68.60328334981578,0.8343612530545159,0.16563874694548408,0.2027137126034919,0
20.955714765444327,-86.36301849657038,45.6508470507443,0.317647806784229,310.9874047545159,54.234047472682214,57.24123018248045,0.5857469695821949,0.41425303041780515,0.4109671930289142,1
16.313746125735694,-92.18029128104422,8.442055104451693,1.045875794543624,197.9423015395016,11.313894311320407,65.46961144115735,0.8813252771541644,0.11867472284583558,0.16517644391980113,0
17.400717016958055,-78.06381428143624,23.041157650001374,0.17871669056991307,287.51373214728426,27.561241032345457,76.97513093309792,0.8149114007558157,0.1850885992441843,0.24268400493044595,1
6.2770700651290365,-111.70615409795411,23.468653696195858,0.3044567746913708,234.64274060300096,50.88943869433105,34.518832601767556,0.8339967317812911,0.16600326821870892,0.214957617107596,0
19.637192407790906,-110.1410259486529,26.013818518132542,0.5367824613510603,375.26308393911876,8.191927145963172,48.87617193757426,0.9797993342967665,0.020200665703233533,0.11256701761102529,0
17.272101691071814,-82.04161344780226,19.577731572047306,0.13902480712256193,216.55402968150835,27.910822326345286,43.907210982443026,0.9410668633494285,0.05893313665057154,0.13498810389589924,0
9.44784657792761,-89.39531551882632,22.221867942275644,0.20689678552128735,264.2889472715827,32.239425673151935,65.6357478986445,0.7827510024382952,0.2172489975617048,0.2527638919993604,1
12.642375962750254,-87.49553699739239,8.280989905076023,0.2197971052505131,298.5274526047542,26.678475162784977,48.931736773996484,0.8954033068166048,0.10459669318339515,0.14775784909776796,0
16.318586021782597,-103.2639610331855,39.036051771353975,0.32417276912381326,180.0832919901694,42.06586387911253,9.513004989237196,0.9672953017889221,0.03270469821107791,0.1313622582327117,0
15.262333991781219,-90.23233710850366,31.41348371130029,1.1491347393196523,244.17143556584438,17.762821711468796,59.55554956567759,0.8779432815327822,0.12205671846721777,0.20306113939426312,0
13.539144070982225,-69.96490589598658,21.650628698180768,1.167389326806077,228.673209230149,26.194066839432327,68.4405378314896,0.9374325041823357,0.0625674958176643,0.17319656368596925,0
14.482558659670195,-81.75800380204137,31.877009632374797,0.7193567470118468,208.89492132752213,47.80516924334415,62.78188351961925,0.9345934482734287,0.06540655172657128,0.20156973813125828,0
13.740113108965573,-88.30293454857188,39.806234864595936,0.20473853436583742,214.82215988134084,42.5583721598482,35.51568106468005,0.5131918950707668,0.4868081049292332,0.4075752485761588,1
15.762812560512343,-94.39053910104937,25.771429454001105,1.3576486549065785,338.9611678509435,26.164058372960223,67.71610439788576,0.930886776114735,0.06911322388526497,0.18412606663780917,0
22.357459864965783,-93.94572851869394,57.20397098040573,0.023723891360630286,202.11594121917335,38.02367275464684,50.263836322661795,0.8214833074041297,0.17851669259587033,0.27251488538925217,1
2.1667077953435125,-111.29197889200017,27.157966105591477,0.7251328924459584,295.31263061372846,12.4572145940164,37.22684107409667,0.8965344311066336,0.10346556889336644,0.15457839664231138,0
13.815748677451579,-87.4235957907884,9.338271930536456,1.066909757598151,275.16760016249157,32.683578095823975,86.32265951382064,0.8431764359194027,0.15682356408059728,0.22993570332575933,0
15.882562106862235,-81.54516891518146,20.935908854842623,0.04398983901754169,138.24159073798594,31.558287659875926,37.38840196189074,0.8213864870773507,0.17861351292264926,0.1990278834016631,0
16.479969948435496,-105.75619327170615,32.66000667489577,0.3349924394879053,291.53355507411527,82.60866385203262,47.835634637240595,0.8437086267488556,0.1562913732511444,0.2687444881846254,1
13.140427093393551,-96.61416892306816,39.82991385858753,0.460556763385925,136.91894321938446,9.635351859560437,58.690894902963166,0.9226682801663577,0.07733171983364229,0.17520913109276742,0
6.216391087607088,-101.57464632233422,19.85736694160335,0.1102967561248813,300.2473462532128,52.17281606187011,65.19670528501547,0.5033053424335339,0.49669465756646614,0.4214406009820958,1
16.63997741857055,-99.65351194808764,8.767205071270858,0.5132579710346387,209.42466854953216,43.601892009039446,89.38699192482305,0.5371643617941492,0.46283563820585083,0.40583187226433315,1
23.636751070820925,-89.465183731781,15.120867691573178,0.10542880181849949,250.66938026051616,5.726830718642785,49.43033580132061,0.7925476218761132,0.20745237812388684,0.1929915640436459,0
7.3306929754193115,-110.84402154988474,5.910129815337978,0.29640002890346123,146.45760402989288,31.95017921424385,60.3741926696374,0.7280626882092803,0.27193731179071967,0.25371908838081864,1
19.319140068490942,-83.85729561642935,28.955089422134098,0.3653988847527305,259.7905858883853,56.79461405500869,66.93207946537231,0.8284841520121087,0.17151584798789132,0.2651470328944497,1
13.357373884385531,-82.46144930066318,13.112702015113511,0.06941538193307707,324.15603343764957,34.69261192830846,43.95602687571704,0.8749578557080595,0.1250421442919405,0.1677850250065938,0
14.693378270855764,-92.51102588036912,10.504248578874174,0.2829242732468631,185.44276575819032,59.07732638971714,82.20266457714158,0.8997274343701354,0.10027256562986464,0.21501551766406418,0
9.735507446480256,-114.80708509984541,30.759550319615734,0.8305473226377835,201.4266331084791,41.535053656149515,56.34537391422615,0.9656428340114,0.03435716598859995,0.17122166756990706,0
13.327719138220617,-99.9641862600239,45.09153858514916,0.021645398784910924,286.36968188539913,28.444630182783236,74.04868852757438,0.8558818132539029,0.1441181867460971,0.24961208328628387,1
21.500222973494793,-77.67098065897304,10.469606721454621,0.5487278720328508,288.3694658917551,2.816375092114799,27.82328238690308,0.8898183308245998,0.11018166917540018,0.11243126432799841,0
17.913276209938534,-117.77994280728572,19.94456505813737,0.37944628540945347,55.26565612731946,47.10041064817288,47.71220033677929,0.8741133426604489,0.12588665733955107,0.1977615829630059,0
23.661558027049722,-93.47523412193519,15.569960287280193,1.5134847238646407,411.23250910262186,42.902726784483555,92.9535107582273,0.76317402107449,0.23682597892551005,0.3046003136213081,1
20.887059444888468,-101.80000778467259,40.966010599773846,0.5187015644835803,292.2842786838665,70.67556771019706,90.71713132821863,0.8925573045315842,0.10744269546841578,0.287122213090541,1
17.195433394647882,-81.95429698415164,16.83843261059505,0.16113862667524942,305.7534929962369,61.75931906667429,45.632025999899255,0.8886434354844953,0.11135656451550469,0.1955064907327462,0
23.71967263083896,-96.75113952143461,8.120371561979882,0.44537112715407007,238.51676426703864,22.676168695169537,28.252414920973244,0.9099128151608499,0.09008718483915013,0.11711080389218588,0
17.194965793691495,-85.96045979264389,17.396089225452165,0.5062479762878215,101.57171931582042,47.517513346617484,74.97188696296737,0.7534467338519317,0.24655326614806827,0.28925031029207887,1
19.139940883985297,-84.34539580830906,35.793584942312954,1.0855047028215024,303.9777649000192,34.01681044309504,29.37166874938024,0.8002142331699267,0.19978576683007332,0.23781607539070007,1
13.517145232326458,-71.6377416026998,14.933987071227204,0.7382527686968929,204.7849577415291,21.480924589355773,47.86717514024526,0.9168255929767417,0.08317440702325829,0.14487753188620284,0
15.332729079296024,-92.0294194367537,11.315190515633514,0.5331521970451559,293.5145355346672,32.269566479733975,79.00265709197453,0.8049279613018729,0.19507203869812706,0.24086615259958022,1
11.512880883498616,-86.23955630377388,16.318644628825407,0.1742577371085977,232.4959143789817,37.12574236191465,87.98501701780502,0.7424232812605339,0.2575767187394661,0.29299849900075015,1
19.947919672974265,-104.85055479127436,8.331022851227496,0.5872415344450257,269.0431503293102,21.116535048875534,60.34446060881111,0.9402864805312556,0.05971351946874437,0.13267238098678757,0
9.108481884425672,-78.09586436706256,15.55584060806546,0.2301562512584285,188.00028948726043,45.226593903682414,83.72873118901524,0.8464459296221984,0.15355407037780155,0.239045387225171,1
18.911751712088307,-97.60508848071365,11.961165348935433,0.4556748096473061,319.1511154143145,34.34475013184249,86.09178858134116,0.8543252048857385,0.1456747951142615,0.2230561721459037,0
14.046744712474203,-95.60754164087746,63.53242532972321,0.06984114114948066,154.92967684338623,62.07792221282372,26.859112280563135,0.9560845485749168,0.04391545142508324,0.20908758218326226,0
20.856235467336596,-90.22247794849211,3.2138933754137278,0.5771041481021733,429.6455540271352,31.216821878128233,96.56228563496144,0.905355361174169,0.09464463882583096,0.19042554041143903,0
18.7543449436563,-105.6288434533985,9.306286964497245,0.7123892362019055,429.03589079896096,11.27107775272525,30.495911517023426,0.7755567130848301,0.2244432869151699,0.18629411988185704,0
24.103230788234008,-87.71229971071062,11.308724985840902,0.49445571128769206,380.61596683732085,39.65952878529382,83.78802753662626,0.6874351637705136,0.3125648362294864,0.31726586083977587,1
18.653873455693223,-80.3253372707499,8.376629666543748,0.15896036856855594,352.0383188619608,43.0738391497059,33.18410047463452,0.8997081920945704,0.10029180790542958,0.14557298215782785,0
7.139798721733797,-87.07066176502708,23.18809238648011,0.1446261061562553,243.23613134130872,22.76678939960476,40.362957604566354,0.5547179461861187,0.4452820538138813,0.34426327624308856,1
14.665234135508996,-105.88897564178725,10.327278809743461,1.0798124595547218,343.3237364597767,34.02626179954184,78.3614411559465,0.9344652956751586,0.06553470432484143,0.17472083314431355,0
9.139964037025921,-91.23809294329659,5.364931619719346,1.187437610103421,242.30588013790978,13.65341606555696,82.63846626851283,0.8314602368497735,0.16853976315022645,0.20891052559730758,0
12.408600788168627,-82.5797109702051,18.770214632227443,0.5694678603466536,125.71859662037545,25.630410079437237,72.93053020389573,0.9360325484418954,0.06396745155810457,0.16759303919209817,0
22.55614216638361,-108.77988765965908,14.33005451151299,0.9734315274003607,370.256113122455,20.575321854383144,60.72912010277598,0.7882472171473419,0.21175278285265808,0.22899786956739418,0
18.18766905448848,-100.74766013817714,10.70141404989311,0.7375117317040853,340.30595703380044,28.314528014844264,33.36133457971821,0.7103823714593698,0.2896176285406302,0.24439279668378963,1
11.505347857106269,-81.2345639591848,40.3377465915985,0.2749296920720512,247.49287138756517,40.76856231125798,83.97024743161678,0.6091139616029418,0.39088603839705816,0.402982047669375,1
9.931413167798006,-87.29904565802714,23.697645119384696,0.5444952781884271,151.98525941350798,68.69453129274554,42.81838082767474,0.8444260679373858,0.15557393206261416,0.2380699952158194,1
15.163910464381305,-85.88028417873247,22.003239367038564,0.40584176153329454,203.1039458736821,9.964109983589303,71.31585184491772,0.8255910456623166,0.17440895433768344,0.21426816338012367,0
8.917199253094362,-71.40505192376688,24.039596494919838,0.6695811574472752,104.30835320899922,75.3628809213462,69.79585025851158,0.8185914082841534,0.18140859171584656,0.2876886629404259,1
11.644298613017094,-85.31447221493798,23.247909072769076,0.43571880448028055,325.60646820943816,30.577280119832896,60.0849138128001,0.9103736888489927,0.08962631115100728,0.17918571671964342,0
16.56004735775622,-83.42111989566821,14.852643423227157,0.43725841601002985,121.73528265086557,18.40606362166499,89.98156016347247,0.6746213271183898,0.32537867288161015,0.3139974431649641,1
20.77656018053348,-62.89254472781674,10.410617972603843,0.6318145100363484,272.94646961173413,58.0372603314252,81.28412418250167,0.8678242891710034,0.1321757108289966,0.23395209752914425,0
18.043807361122198,-92.1380455809049,19.049404168772927,0.2707144374275023,182.50453217762495,60.217260417419325,85.66933775791829,0.7658968477457563,0.23410315225424372,0.30592458254260607,1
3.5435524570095005,-97.97882763618495,14.66039864494122,0.36792322124102006,135.86372440004186,69.02018561302336,90.57666838855533,0.766258285755039,0.23374171424496104,0.3138246270161293,1
16.5218336451513,-85.72203601752867,3.1683596484838685,0.45173425945362045,269.06840746228573,66.43275557241817,52.16732856492761,0.8536073366683069,0.1463926633316931,0.208385931037039,0
15.36016786616289,-85.61008970611105,7.799428553714579,1.0786832513793385,223.2960491750375,7.416245011340762,67.04081165968753,0.727801301330307,0.27219869866969304,0.2466523162837247,1
17.069451426863466,-95.26715391946209,13.373586338103186,1.2162264334152337,317.0551284340294,39.36335221109854,50.3303810235213,0.7504554238075529,0.24954457619244708,0.2591658939817728,1
23.081048408256038,-100.32397019554847,31.17514848612174,0.1732704338894187,148.59157850170345,34.75734365401779,42.65333665081938,0.7364554504731857,0.2635445495268143,0.2708556096126618,1
4.683808615976286,-66.90155577909923,19.105406357458723,0.236320882491825,189.41482836209423,55.53692855279099,40.85943721102554,0.6328805544823366,0.3671194455176634,0.32933337915963773,1
12.044482874044473,-86.73156529611977,9.035352019714756,0.18051406656154984,58.98862332072869,31.326094068945302,65.11648931149577,0.6326209377413883,0.3673790622586117,0.31385923631786516,1
17.954531613966772,-97.32285381402076,7.259148582259082,0.9291449555092559,75.25226541376617,39.91318540482224,69.41551627562283,0.7889684769194891,0.21103152308051087,0.24557621180320727,1
7.092028002730288,-80.84069697720402,35.38871713794823,0.3837921906549683,393.855392798281,16.88712762747938,71.36636658600727,0.8637825952934794,0.13621740470652055,0.220094064415545,0
22.379745240267546,-91.09145151561334,15.340005916290501,0.18941583928255612,416.6878595279735,54.31769427521841,73.64526020579657,0.884367957819268,0.11563204218073198,0.21646474494767887,0
16.841783063503293,-92.5288144631783,2.0,0.4919633216823361,257.4180964179162,2.0605746599900847,82.85621175759485,0.8848350154694534,0.11516498453054658,0.1561771611262089,0
19.23291992921702,-84.37727128085507,16.032483956361045,0.03932792874800351,184.09369872747908,23.962694311702766,33.708808830878866,0.7983853763695091,0.20161462363049087,0.19300155136137323,0
12.145281692391027,-102.9188226823169,27.05539825661199,0.07738290677293684,226.12408596079143,14.711944250942672,94.47521682612147,0.7072578440805384,0.2927421559194616,0.31155227328541535,1
19.068818449831053,-86.47372796082827,7.075090903729497,0.06399262752886939,319.8859361989091,36.29882895815963,44.04498633121817,0.9420333624807873,0.057966637519212716,0.12347802855582773,0
20.342357779945193,-70.87045192268248,18.14107721665931,0.7649025773069771,208.8488784142363,9.619643629528401,74.41745929167138,0.9658969684959614,0.034103031504038595,0.13765441184647975,0
16.164390100685843,-85.3382233780269,19.31081305451887,0.9159552589545438,269.01070936333514,12.457093389779605,58.848313607295886,0.7016906058248552,0.2983093941751448,0.27350134596472886,1
16.17200446349348,-93.76212103783465,7.431946430940438,0.2523844076562568,248.97951596150003,20.33866048576396,18.03362156547515,0.7570778195158944,0.24292218048410563,0.18565124504047043,0
16.35171619640863,-95.07105280428242,37.39229483386168,0.28352208706624743,204.49498639337136,43.30875738749569,86.29653081370552,0.6544617992563292,0.3455382007436708,0.37857496173167515,1
10.683273676303092,-94.1033997334511,19.536023558647663,0.15872620221882722,207.90458032065033,38.75790255979077,82.42527440455116,0.906661662695545,0.09333833730445495,0.20341055984195192,0
14.262356598798235,-92.53962678047782,13.324180911860473,0.07339341749846835,273.4656697348407,34.45139082078539,65.0022963121933,0.6517051563226296,0.3482948436773704,0.3117360566983078,1
14.237387337738205,-93.77806532758272,15.412436883832715,0.15494703604046312,171.8489490890047,27.85225836112819,91.37259512627091,0.5938806990384466,0.40611930096155335,0.3672585947024072,1
16.916969321767475,-80.83688558925434,6.30030341430658,0.49755875350855455,286.13834764988127,60.11038355572631,58.94449173852438,0.9049587521855782,0.0950412478144218,0.18575360424872808,0
19.999121234551474,-107.33209103208983,6.078037086492819,0.555100211402645,212.27368322806544,26.579249835213798,69.63122633944859,0.8023153474486706,0.1976846525513294,0.21960509282165924,0
9.707319590107954,-81.37999949587866,12.439096101111309,0.040245805895261076,260.1893843718584,56.123885344177516,53.76752214601189,0.8299268804516357,0.17007311954836435,0.2224927254524094,0
14.374954848402112,-93.79686525142561,13.009760542480224,0.23357845040142847,360.7170052934847,20.08418482016627,72.70700382675925,0.5949762007814793,0.4050237992185207,0.3374047035348466,1
22.407277738294866,-86.23052214304627,14.709112441396892,0.2571997625026633,236.54463638184382,41.899364772274495,77.62514023131408,0.972394251249613,0.027605748750387016,0.1593433331034234,0
11.28205885593718,-101.26987910200864,39.436565213165004,0.568854795175832,323.5843472153594,20.596742679671912,83.13045241601901,0.5964661784306999,0.40353382156930007,0.3905141927303118,1
10.888749913548398,-76.71368933150563,26.131895724505537,0.14144676553457686,106.63737152929372,54.926872951621,66.40079261787906,0.7072506132058471,0.29274938679415285,0.3229521395483882,1
16.01153095915597,-77.54365039828127,3.701702278505037,0.6683295628867221,212.3709589087524,45.26107575287723,44.25829100237274,0.977661442485851,0.022338557514149038,0.11404142243465673,0
19.221925952426602,-80.40409474249927,34.89733188148688,0.26335575192318705,252.21508968608583,56.606906867969855,97.45369635394938,0.9053712460253369,0.09462875397466308,0.2610859732494461,1
15.057130277803296,-105.1475477579354,12.368197967407745,0.5572055834280201,403.8664543365167,15.967500780217888,86.67476827411957,0.7532667735965602,0.24673322640343975,0.2624698963616211,1
21.644802952184946,-81.70878928933948,27.74623696048725,0.6717581663404564,93.20383333920876,22.331925322516184,94.56890933524917,0.8035976853447091,0.1964023146552909,0.2732590448223108,1
19.283969912832635,-85.95144912364292,13.098907434745433,0.33396513167697395,242.30321104857785,18.32478356444848,19.203497288645515,0.8718237886263216,0.1281762113736784,0.131013209577505,0
19.20910033445031,-106.05271247132568,18.70916871765764,1.5979677875693392,366.53510807330105,8.44437272062,64.27903353753575,0.7356898455160512,0.2643101544839488,0.2621374221765075,1
17.770582506620467,-90.24297383770815,6.7097535264931905,0.30980207137534277,187.19836757865025,12.35723330801593,61.72118349713843,0.8699884578806362,0.13001154211936383,0.15874741597429767,0
26.638265501730423,-86.35465510966738,21.537918098348968,0.7772649657046897,232.97289516594637,32.199554355602736,86.71191646096361,0.7157150097866611,0.28428499021333886,0.31534774223847306,1
13.97419155566978,-84.43924726176849,29.762473029268264,0.7313225145738445,276.53911880444315,21.454814719690518,78.53641564808727,0.895119754710634,0.10488024528936601,0.20963229996656996,0
4.982388539667431,-88.22738633051144,4.413692868681413,0.11200614796134684,264.7606842978224,30.714806956867807,71.12759941256996,0.8460468511396972,0.15395314886030276,0.19425723902523986,0
23.021271807585705,-87.0876858315262,30.05302828569182,0.22211734166957817,375.26163803635313,22.544096087687226,57.717316739238356,0.8951770723878814,0.10482292761211864,0.18521473885882433,0
12.711502845215872,-75.26388607746904,10.377727368593956,0.699440093359808,285.8779048058585,20.524324169775912,47.5058108779181,0.7336359412143498,0.26636405878565017,0.2370913593662906,1
15.539402221715164,-77.7396609008932,47.24706013856444,0.25268708223125996,356.22183164113756,36.67468835148034,38.31823070294169,0.9610522552718292,0.03894774472817075,0.1698116396850752,0
21.547753424302634,-118.67054953782744,28.071882433202138,0.6374508478247364,221.1993314152071,18.927641321421575,44.03785027275705,0.7767676402456253,0.22323235975437472,0.23422562158713528,0
6.988702294705373,-93.17438554837682,25.049990464383384,0.16883930192780464,190.75796709997627,23.428336436521935,60.309375619901154,0.8588370358601222,0.14116296413987783,0.20064072104920902,0
8.741763929469304,-91.64651027543951,15.475531874029278,0.5735474268107317,231.94214455842916,10.096923202554015,69.09545513915994,0.6159713822568542,0.3840286177431458,0.31935689017959534,1
6.993610314405732,-107.5209857272697,70.55248532468354,0.18331328162193467,157.27175253059187,18.279873969381345,53.729346265238895,0.7400404920805254,0.25995950791947464,0.32264881039357596,1
11.02931854987288,-89.05816941767688,12.425313376717382,0.5989734055422914,288.68093569680764,41.72815291997218,88.76644525762565,0.925066308343385,0.07493369165661501,0.19633583270923508,0
17.19818303008497,-77.51242227589493,7.946683692119967,0.5851690364947186,219.12975097958034,53.98071579573327,71.347726006776,0.7162439970377817,0.28375600296221826,0.29916595933485646,1
17.620939214063856,-100.8656785959059,10.656007890557492,0.6224531847522627,196.25688800180197,43.989200059251644,29.965589643998698,0.9468616161700041,0.05313838382999592,0.12538944449310696,0
16.381370896642768,-86.63599061310127,33.15992437831201,1.167815981803779,289.89267276968013,53.422889072412815,83.46767041379194,0.6610776129317927,0.3389223870682073,0.38471591875922456,1
7.9361705805381675,-99.15823477296438,18.469750425713386,0.608734274320459,158.5027377620569,5.5378704920755295,71.28524285592263,0.7498324192204082,0.2501675807795918,0.24820725115854828,1
3.4494828168367793,-96.71912023679677,16.6771597064669,0.3090970618020251,311.64017710846355,23.122757397339498,69.30770027653753,0.9429189251313975,0.05708107486860248,0.15193175902932898,0
15.271767926951911,-75.22606365829965,12.5608409317224,0.16126674168612554,211.73300892069113,13.322951847643417,65.97516405507153,0.8786872263746794,0.12131277362532056,0.16647407021108612,0
12.641119831808322,-95.42557820111826,16.0863970507847,0.6283020424176599,342.7277155275347,20.599830438411733,58.95423563373181,0.8361202484194769,0.16387975158052315,0.20010054544178493,0
17.29692885858306,-85.37787510989375,11.936709439494562,1.0211414543435176,218.58099374163461,3.8236653591990937,57.31220726263767,0.8501184936311484,0.14988150636885156,0.17168717982738213,0
18.50976813110635,-108.71218116060987,26.568320800441857,0.975664674843097,300.5527733246339,17.99624375976528,80.00737689306857,0.7349257695748234,0.26507423042517664,0.29340357533577477,1
15.69120716029341,-71.3768243860512,14.474253876187916,0.820013144259436,264.3649899018325,27.178712193981312,38.88170860157924,0.6916264149011023,0.3083735850988977,0.2655774048568305,1
18.80066542687927,-83.97347553693501,10.805764825027255,0.1457732569323391,309.51214989715896,36.133695966160005,66.90846784435594,0.7802178047458965,0.21978219525410347,0.24158875100713711,1
16.146056870575343,-91.82499842650262,31.44510133055956,1.2024096546832337,258.7957513718102,41.813996837968624,62.24821971223582,0.7815447944989102,0.21845520550108977,0.2834043281184755,1
17.650323528007334,-84.24453490000106,8.151168762156292,0.22416244381544675,116.9282070125405,16.521803358098303,59.14375174958112,0.9238321055169373,0.07616789448306271,0.1320262746547528,0
11.476633685650588,-104.0981942894781,18.64514353051312,0.34142719730077076,330.7034831393706,57.758751194286326,78.37339231030363,0.7313170777525053,0.2686829222474947,0.31528973800948945,1
14.101942930842707,-78.17469258247343,3.1464040388067254,0.5721885889480633,242.98536620336742,63.167210558716604,90.27659674677155,0.8408837520415384,0.15911624795846158,0.25139923563033273,1
15.983880483284786,-93.2398477549643,5.654329407256234,0.364407525450702,313.161286188385,69.7871002209498,47.55490229941773,0.8953143229448975,0.10468567705510246,0.18704469426606524,0
19.102642377087093,-92.04069515048435,13.386352916033253,0.6389460243469216,305.21971814950854,64.04184082421686,44.37792031759701,0.7142506110472995,0.2857493889527005,0.2920509146833183,1
13.03129413887714,-94.91655614965484,11.77674096303142,0.2974687687175501,188.13628151909268,29.305051715327984,42.622550680121314,0.7337556546347088,0.2662443453652912,0.2390017914780821,1
17.60583627866056,-95.80651402745585,11.763462128087252,0.8650643036573189,176.81636758597625,27.240770148013393,25.938838142204407,0.5107217885828481,0.4892782114171519,0.3485784607983554,1
13.670806040423106,-83.05329388371591,28.234163295401622,0.7071204026116445,302.4284081159203,10.848399301833973,62.23344579981437,0.8062265156358996,0.19377348436410036,0.22907971047112244,0
14.412289163359349,-87.44093149895777,29.278798209831447,0.2559462392094121,225.7400776471589,46.934721841315316,56.02667116784011,0.7882423612102476,0.2117576387897524,0.26590575405036054,1
19.147595210120365,-83.4825185859696,21.096946698717247,0.6995699249750981,324.91434235731975,32.3876293429939,72.94724928103432,0.8600848068644702,0.1399151931355298,0.22092935414639644,0
5.034698144729221,-90.08794689485572,7.805170382828733,0.44844798303724626,235.74392457095814,69.28456245307191,75.8682588352966,0.6454765750009704,0.35452342499902956,0.35633294044245034,1
8.517638359626195,-84.8680018892282,15.999945839795709,0.929509364331667,331.87278219586307,18.25675622767779,50.25903822185288,0.8340486478032629,0.16595135219673707,0.1930840505607463,0
7.589073012785896,-94.18848743925038,51.306844897621936,0.347334023744214,283.86435873672815,34.2473022824076,64.29446969937828,0.8279539820422069,0.17204601795779306,0.27360068944244714,1
3.3319194007584763,-67.70268158590451,66.40916291519822,0.5519854940080995,273.03799949713186,25.547617767749596,64.66501895937901,0.5980561248846157,0.4019438751153843,0.41641536735346835,1
11.608677799224116,-105.67930416430498,31.63586309765356,0.5437989524890232,220.07910410077804,30.21328293708135,79.00096307578247,0.7435809633253377,0.25641903667466226,0.30313650035529865,1
18.7471694986387,-77.39062676437015,8.053431128736982,0.08012513885736686,268.59420912492135,68.1087826476879,44.66381476280168,0.8910565798950587,0.10894342010494129,0.18557287654988644,0
13.575579668087126,-76.3209254927903,16.097635961767477,0.4602290701615015,345.42821719621674,13.525212866970865,63.30871748025658,0.882159805299151,0.11784019470084905,0.17039478207696065,0
15.988950409709261,-98.52158805965594,20.194020060509594,0.31964440729843896,245.6627633069344,23.57004972000985,23.10812835367325,0.7142010374464556,0.2857989625535444,0.23735508164188135,1
20.446087483553963,-67.70726389444027,18.236460840813898,0.3564637843122801,292.4939554947084,29.187946076793764,28.987321249804832,0.9320675110142902,0.0679324889857098,0.12645746537308264,0
21.638430661338457,-80.04509717054682,33.70891074444358,0.24850356962595754,253.70880609997647,38.048949234578096,27.436540268254028,0.7578532309800747,0.24214676901992527,0.251714614276716,1
14.654310326369302,-80.28860993177088,27.457961799561485,0.5550313171761907,259.96832341963375,18.331048182267224,62.38692667292944,0.9271041418584423,0.07289585814155775,0.16754795270415757,0
21.76792944784699,-89.71977812974123,7.708300633937236,0.21776305763929996,387.8728605550639,42.49508717383689,35.59999811789154,0.9009271595811135,0.09907284041888653,0.1463252290494149,0
15.460633292170545,-92.17226158218676,11.002358309482233,0.37771599967957015,346.1384024831641,25.442222661880727,29.975115047624683,0.9176277311055181,0.0823722688944819,0.12100278306248952,0
10.81300888086269,-92.09408827039609,31.55346639281389,0.5070863731668237,256.35230521565745,52.386814804547264,47.33156539288273,0.7362622880305086,0.26373771196949136,0.2971751851015393,1
12.027998239006324,-86.09469403680482,40.23321746298536,0.31627632111420945,267.15632703488274,9.606854385525141,62.69740908733353,0.8454944299080814,0.15450557009191856,0.220794916429034,0
7.597317437174919,-75.98813724966104,20.360405379040422,1.013486885898267,193.85035971592248,3.0254735302930498,88.28047876942449,0.9261078877071025,0.0738921122928975,0.17262209098835446,0
10.559330731331737,-88.1868578213858,43.28964636757994,1.3540450060350921,236.16227629880376,24.238931019446287,70.24170680075494,0.7293994274259995,0.2706005725740005,0.32178587234762235,1
13.209916559627855,-99.1144362313729,18.861865793077705,0.614633747721789,274.75182300388917,34.80743112311436,37.99398789358776,0.750925177766794,0.24907482223320598,0.24423170741179984,1
19.01792509689301,-81.7557293761502,8.824912144323871,0.21625250718052766,318.04908716553024,11.94607714373966,29.565486528618003,0.9003921623220181,0.09960783767798187,0.11169576768353877,0
23.60384915582992,-80.78849253605208,25.904871931541777,0.7319093941178982,309.93767175287354,49.36157573273564,11.651737986075236,0.8647371576306093,0.13526284236939068,0.18158427886046744,0
8.0890924231148,-83.45340471552214,84.08828849815482,0.7941006585943168,161.25927552763918,50.19654816763942,69.21416933712159,0.5613435650653916,0.4386564349346084,0.494745196051971,1
16.964137341299594,-82.54501093475017,6.342667912183875,0.6952990333576066,328.1586184542905,12.56844964665068,32.71724470399185,0.660652919997716,0.339347080002284,0.2483935805537506,1
9.797280304212329,-92.70928130157809,42.298819313111146,0.059780887919879615,242.89810564979578,31.45526393630443,72.69129248798016,0.7137138740007309,0.28628612599926906,0.3256499635727481,1
17.37348544231601,-99.2898916713058,24.982827864825538,0.808248412526852,171.04069154579696,14.169541113335047,88.43083281042706,0.6036542515478583,0.39634574845214166,0.36614726149494686,1
14.344566746561368,-98.6819343064078,10.516630921562639,0.373965115683575,356.9107789945537,41.74840067478514,94.61031155316955,0.7134009007401834,0.28659909925981664,0.3135028143600336,1
5.845470870762348,-106.35463248457859,3.2245062027198577,0.03365147026346568,367.06231973903624,8.402304970578,68.7809120344257,0.8635829518527116,0.1364170481472884,0.15738586749272676,0
19.641484957842422,-87.6305138845405,2.065575221111214,0.011510681202660168,271.09975858725284,11.578879280181404,84.68668259438472,0.8836286754706174,0.11637132452938259,0.16348326000941998,0
11.974996435956346,-90.83448783226594,11.745844698514674,0.2542374094077008,306.7034881524188,14.248053769998617,40.79637931281378,0.6173323938270548,0.38266760617294515,0.2856727576197812,1
12.330498808132226,-94.39987704529709,22.432891553043817,0.031168450166785974,311.39593669955457,31.219753923088756,78.8516930254833,0.887913675713191,0.11208632428680898,0.20567994713755058,0
9.65123794355155,-119.55618824345069,30.13248956264819,0.5555423943397501,361.6617722249801,14.371146246355835,57.92643094902111,0.9536493684227254,0.04635063157727459,0.14854458285024777,0
11.728583616562222,-102.47317469694168,34.536588320635936,0.037986865399169734,308.245482034538,41.92434417659011,24.729629802355383,0.5342403761991432,0.4657596238008568,0.3750065182043623,1
17.139452203474587,-78.79159348596833,21.158067430784254,0.4331966031218398,143.7849378049145,43.04998051246193,58.24048244591634,0.9187351634589058,0.08126483654109418,0.18205519023337485,0
14.053778295317972,-96.64626000063132,19.05552061337795,0.17688828975457738,410.7846199176902,65.74805112003132,76.66376762091541,0.5266219000370618,0.4733780999629382,0.43312193753817546,1
16.643310011412407,-86.39408322343158,13.705915105371465,0.33415063222041275,335.25255115840343,23.09284082606236,42.24269354198748,0.9137173929111733,0.08628260708882673,0.13669134724716586,0
16.80960926964422,-103.90685429975257,22.787273705356686,0.22295437233107232,209.2380635781788,33.66012157610786,60.21069890220553,0.7053263381364008,0.2946736618635992,0.2923517887846387,1
21.603308277640835,-75.61294517640769,10.638099147996988,0.24003761633144025,167.62999421140722,58.2089622521638,70.89101475528028,0.9388968973308566,0.06110310266914343,0.18106420836078285,0
13.286069245678103,-91.44027660054677,6.629947350520653,0.9294678872061395,290.3850744323267,7.054107067425,33.217873338963585,0.8646075744295204,0.1353924255704796,0.13397741436799473,0
7.615710915771341,-87.09959603516465,18.275689722466254,1.7921413112623847,227.73919693059366,19.583536474692117,25.520661865887824,0.7705113284265722,0.22948867157342778,0.2166579154022885,0
20.336112082859916,-66.74220208118315,28.704267096360127,1.0289269716326126,276.39962831991676,57.031922088079,68.84356604650075,0.770849594738705,0.22915040526129504,0.3052538813891583,1
13.342559139513726,-74.83559899410596,5.486067907400184,0.10054509415749398,309.4725473022611,37.42339710655468,50.120535295011905,0.6823350553129869,0.3176649446870131,0.271494204782099,1
20.572962222886886,-93.06565621287058,11.746724180531713,0.6661249866598149,204.68464896025637,23.86027465478432,75.68020558293546,0.7725602656918863,0.2274397343081137,0.248913670244578,1
16.916885565912352,-95.93220184870358,17.822792297371116,0.9463132008269494,160.711360585253,9.876813151034812,69.03745225543425,0.9247658432159536,0.07523415678404644,0.15649037209202077,0
14.344312348983275,-93.25545011519532,17.570358349228528,0.08794763420851352,280.86547742975824,24.417250865573628,66.84674439102896,0.6303266620174204,0.3696733379825796,0.3218193450129493,1
16.743879470231477,-84.90101751523464,24.55904550834146,0.18540297884146623,207.3289715778421,11.823438959427955,35.10694166359451,0.8297304490845007,0.17026955091549933,0.17927123167747397,0
24.7550628006315,-91.05224134250871,50.42412374305895,0.6973988250565664,261.68766285859186,50.95334602278624,32.71790152581018,0.7355707187895701,0.26442928121042986,0.3117175260794869,1
25.384902645268767,-93.95244145003471,2.087875186470213,0.1496570723322038,142.5338850430188,34.26057484677897,79.40811523332867,0.7839738407105967,0.21602615928940327,0.2371114611923068,1
15.346905675663894,-75.32818749290958,51.796388831858216,1.2352917599263993,229.825382042029,26.613880885263768,85.26106362589826,0.8012441416351718,0.19875585836482823,0.31123816745886884,1
15.800952966585376,-91.14209891777837,49.06934022711321,0.662893368647161,307.19615128319975,36.998249950430726,79.06799159430824,0.8231733088243025,0.1768266911756975,0.29355386571851405,1
20.381200787331927,-67.00410906962681,30.446042425176955,0.5819176917627943,298.47460061174377,13.509167709473587,81.1984211040103,0.6941592211331489,0.3058407788668511,0.3144082577456454,1
10.771694836163263,-89.09257436247827,20.110913618598993,0.6096165545053684,186.9313623301385,37.51747383093482,82.3861344879957,0.808021583143412,0.191978416856588,0.26175427356300607,1
16.665351863091274,-72.14681605775273,10.79807859110618,0.846401338042454,156.53885045455587,24.32250354361824,45.95076513522168,0.6226280154327528,0.3773719845672472,0.3024889914579097,1
14.870685760230717,-86.42680577289373,30.213542284939518,0.10664104600084802,251.26109518014337,48.09187688763345,82.80166568856366,0.8239226714617037,0.17607732853829627,0.2741227971596778,1
16.56954105728777,-80.37039426750552,20.801688572098122,0.2744357279134666,294.88262376155274,30.50962520246519,57.54543579579005,0.6261145451737757,0.37388545482622426,0.32763895128996035,1
10.833155970252971,-97.24611051517725,13.916458702831942,0.4072789218225408,282.41401121540406,35.44554159652964,60.470640222031754,0.7106006195548733,0.2893993804451267,0.2800333183358544,1
7.052162533455155,-98.53759222587412,29.72365789680018,0.2932471551344671,209.0272124510952,65.91016398828758,47.936590639753476,0.615198322499958,0.384801677500042,0.3730056356496091,1
4.635082820043541,-85.40294044985012,32.986161097598256,0.7184503611791819,273.8259553989283,2.4516520366581274,65.72449081884687,0.881099316430222,0.11890068356977801,0.19023526407707214,0
9.41307943505196,-80.11446757534685,40.041699929152976,0.7314745334116448,370.18843770207957,8.021480533621855,72.23339115614135,0.8312527525503518,0.1687472474496482,0.24044315301491564,1
12.706623575303334,-89.59743497999537,9.910772310573735,0.13684412686778538,266.4115749847222,14.06308802580846,80.95094477978138,0.5374437001439231,0.46255629985607694,0.3656545974609706,1
13.534042066756191,-102.86393335083697,36.9074296093727,0.7268610148068805,119.3481651345104,6.9485408737914,59.96055817563122,0.8570179433868801,0.1429820566131199,0.20817898474876645,0
24.686155812147582,-103.60258366289327,14.102788861229833,0.13308993401836267,266.25602704805135,18.61951001671325,78.92801997899751,0.9547175081460948,0.045282491853905205,0.14493798314738698,0
20.529966849536493,-104.27136402186241,20.14829746792046,0.21763933739849506,413.5165576970087,3.969154292855834,71.6822075222687,0.8762177684536298,0.12378223154637025,0.17613042874149382,0
10.189544418291863,-107.67622112939381,22.799296120892837,0.5368713796825221,147.00873495075234,13.598243905168934,94.58765532030034,0.7293148941100084,0.2706851058899916,0.29663036544312915,1
16.738542262254786,-88.90514640552912,35.069923831773,0.5565778308646264,252.37797294632176,52.4104570104003,71.16558184982198,0.6555108112963275,0.3444891887036725,0.37121575670354795,1
12.964608818248374,-78.74956078291974,27.828439909161517,0.18570283909121182,231.89316535742924,13.139567603023833,89.15699190947748,0.9805902189040495,0.019409781095950485,0.15657162736992847,0
13.578180809799525,-90.13415786924809,13.749494860247243,0.8886185380526825,257.6706367420051,41.97958389990694,30.311537932918633,0.8676611622045419,0.13233883779545808,0.17458791029122522,0
15.92662824707691,-112.60414757337853,2.410091833364612,0.6575664805498894,265.5401722523017,63.59560824054302,29.43401425640575,0.6927522321259558,0.3072477678740442,0.2722066973832189,1
18.095855584876965,-91.90760460334549,24.3715529888784,0.6592552287291038,341.197758885034,31.079222853334727,87.08439346930665,0.5898872548072002,0.41011274519279983,0.38687550794928993,1
13.303707580579923,-91.62798996632607,19.596281252047092,0.35021619567124046,256.78266291206484,7.661541402195134,45.54745419103278,0.8355545893212099,0.16444541067879015,0.17655055530134556,0
20.31925766367179,-69.04001249774561,6.272400702982564,0.537378969705645,352.1807645769638,43.51067301905789,68.20050490392182,0.8188341627227049,0.18116583727729507,0.2261347791770223,0
9.29030886928798,-104.57137912919556,21.171097861493145,0.24368379308755372,240.58754729708141,12.097126902120827,80.47357603401954,0.8815238840337511,0.11847611596624885,0.19192605144069252,0
15.031695311811342,-93.90677602599196,17.66904437219712,0.3501543567867665,221.98905808202935,22.944960023997133,75.02374881399115,0.8540307516437985,0.1459692483562015,0.20825690556006246,0
27.98836863297916,-72.94147319455436,39.80099231100271,1.0712442838064027,196.46536135691153,64.947613763,75.26737273342584,0.7292695032903833,0.2707304967096167,0.3595306909912831,1
16.115398713126375,-85.50021658653452,53.94607945571421,0.5766710820832021,104.63303767038778,9.032370661375191,89.1946717939249,0.9833414493369474,0.01665855066305255,0.19407507532438234,0
22.166072533030864,-84.36686926483576,32.47646309800579,0.5735994848325697,272.0625129540672,36.61120557489375,53.78623299543415,0.8157197278378157,0.18428027216218434,0.24620227775486367,1
15.457600890866042,-88.85415562976122,16.973818406435715,2.3655373848902546,414.3200230777474,26.687789919100744,81.37373050747738,0.8432310098220833,0.15676899017791668,0.2434005664829884,1
17.903885476648984,-86.70056461342736,18.774280377729344,0.3107776889381025,286.6588381828689,29.426785007020584,42.17575396146769,0.8740923274919248,0.12590767250807522,0.17212095630390467,0
14.716084028036542,-82.22390469721464,9.641221481372632,0.6081904010599091,304.93978833293437,17.986171741169407,65.4157536492005,0.7039440492972489,0.29605595070275115,0.266776434509541,1
14.147962094178977,-98.09486318892766,11.095879887135728,0.06456964657534012,216.9574939988436,55.487621764835026,72.41331467036825,0.5837818383753695,0.41621816162463054,0.3741104416252071,1
11.102588016372902,-81.219414210918,16.298017929785377,0.6546214753188574,230.45332869810633,34.597837537256495,55.92521727164461,0.9237184723193224,0.07628152768067764,0.16347113668114047,0
17.151506794787768,-103.7300301688554,15.130288492190612,0.5244792335414176,328.77131906666096,46.219316194021154,53.70392790935826,0.9106930915325463,0.0893069084674537,0.17698226883417906,0
10.74231405407116,-86.71632027168462,5.964973541874968,0.6130887535849745,410.6954912231856,7.130784584825872,76.39763793819108,0.6682158002657433,0.33178419973425666,0.28108808022552034,1
18.327926181567147,-88.21259036713673,40.05538156729721,0.03515400841158338,369.03583486374555,1.344300786680225,55.38824844409369,0.8588851560644917,0.14111484393550833,0.19478032583036514,0
20.426435022229548,-96.16293088192108,43.52041434947908,0.18917283377147487,314.41957037824176,47.41693102677297,86.69233193791929,0.8337038635640034,0.1662961364359966,0.29274448786642376,1
16.83265703618615,-90.22685275325647,39.26670628214632,0.19448974107979716,252.81204635124072,33.28216454429566,74.09794526048049,0.8713662887890695,0.12863371121093048,0.2389736078048054,1
13.568756332221541,-96.22540152665553,44.42717555479462,1.5487440888063497,266.7775131413859,7.72654632369635,80.91578214001714,0.9027270686013112,0.09727293139868876,0.22427064495324775,0
17.269827896543482,-100.71701326861745,63.463752996025484,0.38973255225466086,189.71941444573966,44.304228605108435,48.02907470541303,0.7795837074620685,0.2204162925379315,0.3126552192229686,1
13.456634722267937,-93.53614741613644,9.783656920571827,0.25152655876341884,134.14659829578744,52.55346659368595,24.955600177467318,0.718131669946614,0.28186833005338596,0.24972739926900747,1
19.677735627325745,-101.03988635371661,61.82213190327563,0.2868096405668978,159.85613137920473,21.157653555188855,61.3175226210124,0.8534249623414608,0.1465750376585392,0.2586927411489803,1
5.842969578924382,-86.77202535906751,13.689023601845694,0.1820079945763324,253.984002761755,51.05086530645748,64.68193173311249,0.7991755074206551,0.20082449257934487,0.24853988330674154,1
13.321963159406769,-101.50085494152364,26.757964174512455,0.005257745777597045,226.6406190858658,54.75480404196848,54.1599869393255,0.5612036031085205,0.43879639689147953,0.3904423329911524,1
5.045940024380011,-82.88022977008949,4.748858581773417,0.6567328128001795,132.44466362242522,21.02190571776497,66.47764682731801,0.4710573100850258,0.5289426899149742,0.3921086479989807,1
7.524695848863975,-101.8147906792882,12.437381325684715,0.5540582599970516,247.0141296760211,55.126568130132135,77.28578948473974,0.9284200703562331,0.07157992964376692,0.19597797350744128,0
21.81931114906955,-95.66294915581007,33.05749126193675,0.4425565583468711,224.5255740427244,30.453541066097582,80.72833785239952,0.8886843443362089,0.11131565566379109,0.22641729200995603,0
19.475924909858428,-96.2460340821518,27.583253235925195,0.395832768317279,156.1720915772736,49.7673548908517,97.19281798660462,0.7036005334657666,0.29639946653423344,0.3553130870083453,1
11.402598833576048,-76.74853271125161,13.497525212465682,0.13217978766532273,220.38567915039437,66.16383356010925,53.84117560774895,0.8897071913055551,0.11029280869444491,0.20223413964515466,0
7.487482719795516,-86.69710054383408,18.768570935781018,0.04108500517394134,224.32375994269248,12.764251336871176,66.34626744096776,0.8510502057940653,0.14894979420593468,0.18959661204651396,0
0.17735581079174345,-92.11733802544394,11.479700861550391,0.12698733827907996,200.66902880604266,18.331464323426104,59.533795849354696,0.8586523465665752,0.1413476534334248,0.17409589423628086,0
12.282522460336827,-85.01280558930277,33.00069676731556,0.8579696277228664,324.1336131820752,70.80871845591606,39.263613684260626,0.8238412069581917,0.17615879304180826,0.2650404097413732,1
27.102075061237013,-111.07192347329688,41.702346000602006,0.42334335905861287,97.76787503253504,27.983087358305852,61.54653643432568,0.8085810537289456,0.19141894627105438,0.2615969968332006,1
17.174421357318238,-90.43133589640908,9.818006177039338,0.35313936498059534,91.1360807431223,37.032032725652705,11.75681280059344,0.8203174234741653,0.17968257652583475,0.1658726655308202,0
12.202138569752552,-70.02485822195237,17.489671863990374,0.3976053794013721,250.26286275592736,31.79018224253385,86.52869624563779,0.9521131460704461,0.04788685392955394,0.1748672097394256,0
17.325401047501533,-88.67653493597328,5.754126976224003,0.3009302495434662,257.6901751513845,14.243081047030035,43.55897219975945,0.5975004255855615,0.4024995744144385,0.29081731213450135,1
7.195208235027786,-89.32086830830664,20.750346470811007,0.11390602534152786,282.3372108815179,49.22305539606849,66.59001382029653,0.6265780673552149,0.37342193264478507,0.35345971213062866,1
13.513383186511822,-84.51871620357804,24.977070014151437,0.06806641094046732,206.88211933767246,39.17766240910973,43.719006739553926,0.7110540760028777,0.28894592399712227,0.27996319647771273,1
15.497387365078692,-81.04394756685654,21.88804442804458,0.6499959492355707,176.56609559261346,31.694940641557167,59.11538961174868,0.8926456894275595,0.10735431057244049,0.1891872272025707,0
14.569496740894758,-109.9746669288986,23.72115649160165,0.2239216651692333,249.4147093844042,10.388480231128131,61.219251243156556,0.6906928662478192,0.3093071337521808,0.27954760642707893,1
18.954030608450402,-106.82326481791027,16.228577597387456,0.31117048021692345,214.6737491721603,13.91978123789358,59.465021700624796,0.9703252752151457,0.029674724784854334,0.11716047276843868,0
16.72322613118026,-87.89708708913854,16.49924919658553,0.23292786328671294,374.08571237245553,23.69142747717192,30.692186765048763,0.9047648054908649,0.09523519450913509,0.1338411236499904,0
18.341630090539986,-97.14876561897509,15.969132896548635,0.22099624815692356,224.06182000598466,61.37923943497058,35.19857030790161,0.8994042041366938,0.10059579586330625,0.17806915929408282,0
11.558138588846203,-76.87974737780085,12.158931782347517,0.31037093817220684,245.74518786263377,63.68527577774829,80.46770347883681,0.8270669087973888,0.17293309120261124,0.2606082864732646,1
19.48907704205274,-93.15174389885225,13.296496074390504,0.778065634045315,448.0334511678354,27.61047295809753,52.99283218785574,0.8303222601546302,0.16967773984536982,0.20165146251294558,0
23.144684738119956,-109.34530735713118,24.24792008632302,0.09950685346864219,234.41918186154504,7.7943983049208185,58.22090471031143,0.9107900586668629,0.08920994133313709,0.1524477194126286,0
10.149252401742938,-102.68013916843996,40.08148024949609,0.2878688405312749,294.4925492159273,33.073830929880216,81.45623069883428,0.9302396268852486,0.06976037311475136,0.21589917562138464,0
10.561521721427201,-117.49676019630576,8.495369519273225,1.6641461173399525,301.70475467090824,28.592480716517144,83.00185215246583,0.8862381907104085,0.11376180928959145,0.20354784343056764,0
21.678921681601164,-92.34125537282912,16.456295195209343,0.6213536114168035,308.5121314974572,46.32837306373217,65.66912092358089,0.8619899746346674,0.13801002536533258,0.21880098684522803,0
14.043280066524698,-91.88384127264383,7.087280511072929,0.5184371563738847,273.1589812329002,51.84424751002461,44.60307125893341,0.9772576480893921,0.022742351910607916,0.12477090465014062,0
22.019106960332785,-94.24462709781898,12.324546993234435,0.4844438888180966,265.50726355284075,15.833683939048871,83.39547127619534,0.5028541278327444,0.4971458721672556,0.3959906442852675,1
12.787321440539081,-79.21120960970262,13.874285995760353,0.4694551976632744,258.02674318696927,9.309872076117623,49.049358814652436,0.9435956988181979,0.05640430118180206,0.11488757751103448,0
22.27522788135356,-78.01480163483306,19.786944454225946,0.8549901619201788,203.92048782129814,48.34816930136183,12.268944886942641,0.8096950418098352,0.1903049581901648,0.20351515949343582,0
15.65742908402726,-91.70388423356111,19.419709328309125,0.2061481822905424,276.04150422714144,40.864560949460355,64.60229017955115,0.640794095339772,0.35920590466022795,0.334221144507506,1
16.291144116613477,-111.34693667476856,17.38204640452244,0.2367062578464461,412.29166699396734,37.47257015645979,69.75044413629644,0.7897062415605677,0.21029375843943232,0.2513247136196921,1
22.82359010834952,-83.82718419507742,22.980532606328257,0.28548345382715956,346.85455271708463,5.73016741812254,88.1073480087982,0.8888417784919568,0.11115822150804322,0.19230017070410851,0
13.191147612779144,-84.44639771491424,9.163031223439733,0.689176622330787,274.3134417779709,22.764306036219974,39.428558159540586,0.7292473012179768,0.27075269878202324,0.2317431615843408,0
10.294389520375208,-86.90608429843056,19.896637208869496,0.1684972048149806,318.4663838484792,15.597399577838859,52.35044116526011,0.8271933498377575,0.1728066501622425,0.19452142619378637,0
12.757178959858228,-80.18520250691884,28.084921726102483,0.8199051190821661,180.46592730154782,18.319508512841182,87.4726783070364,0.6606924863278147,0.33930751367218526,0.34273775311955484,1
17.261669753215692,-101.6482809646104,9.072057246907445,0.5653012953196086,229.15902766402252,15.638990580545292,29.148814131263716,0.6646592896928019,0.33534071030719814,0.24848629420432525,1
7.171204639097429,-69.91244613814861,3.9205033963657714,0.28483574278969037,325.82798753472446,37.05508707372204,55.93890444345028,0.8515911514417911,0.1484088485582089,0.18334797074663278,0
18.187354513255606,-99.59427753141868,32.83528467691954,0.8159721095944188,368.9733754766553,5.307945264683048,68.60846997143712,0.7399008897806658,0.2600991102193342,0.27438357396807744,1
12.306143411911284,-82.50777072799146,7.280534648583906,0.25143949334285665,188.33070623236978,40.87803675242127,82.5918137528869,0.6362674731022037,0.36373252689779634,0.3369579372054006,1
20.73906330366782,-106.87347694413351,11.880644513234047,1.2071269887283493,211.31293524614742,18.27934481802977,60.97554937099869,0.7321558205947165,0.2678441794052835,0.2564614295190689,1
3.0286984754976416,-99.3026468727005,27.578355173107482,0.3388515183393619,424.5100635102829,21.967999902864946,54.632663498025416,0.9481473952086331,0.051852604791366885,0.14987564397919698,0
11.067171124479156,-74.83631353274664,8.708487902792037,0.2477099366557231,257.7008999815178,58.67660903127911,73.89063883154662,0.8424417627638668,0.15755823723613316,0.2347641095634443,0
6.567659243829491,-92.6089982300085,31.43818835667766,1.6648572106126827,395.8689578160303,19.619900718665537,92.27761156232779,0.8381146281914599,0.16188537180854012,0.26474032141683373,1
10.868852668180237,-81.60077394867201,10.622051285902513,0.11640707949226052,266.5485853820634,22.939114454599252,57.75819090609578,0.8868030130951972,0.11319698690480284,0.16005279588211296,0
16.238329505544716,-87.63044611280753,9.642147096474199,0.30707646817034634,269.6944225860348,21.69247271721679,95.05224172354166,0.44031609610820927,0.5596839038917907,0.44210484690765806,1
14.103866872751226,-91.04958156000173,7.116874931618605,0.6538216703967987,225.5607289872082,68.75349575373457,51.78978915087402,0.7084482021304118,0.2915517978695882,0.298110302834278,1
13.733112155259926,-76.3614967506731,10.695074566306182,1.0446282829486644,325.4044113208183,16.69770935536028,57.04282274317325,0.8838572415352358,0.11614275846476418,0.16410794393309977,0
14.204075643099696,-92.366588246519,25.270584659824955,1.3949421002383644,358.62220402432,35.24357759009414,38.41287418442065,0.5821478176502636,0.4178521823497364,0.3553304500589909,1
16.016941203099716,-107.80738107563471,11.882236990340061,0.5609984789434201,167.19982158873063,15.963133751080196,63.41251868736215,0.6197152646807007,0.3802847353192993,0.31196559713900124,1
9.957319790284462,-98.03240091951704,32.91855340021577,0.7842620909169785,221.80395582236505,15.102223948845841,85.66576054759084,0.6723083546698029,0.3276916453301971,0.3382188404375385,1
18.534248204495253,-84.48808271298306,17.86455123789601,1.2672581231063438,323.20628194993765,7.288285692731292,78.34563033170167,0.7358169913431079,0.26418300865689215,0.2704039788736311,1
18.31332985192742,-86.04490893637492,18.932132638862075,0.07307686423925626,239.63610897725377,17.773619824777125,90.54294230320667,0.9571403605446667,0.04285963945533333,0.16101833142910282,0
16.925189688280504,-105.67058250235438,9.414323422665314,0.20991338640841278,210.5291625173432,7.36029998062135,73.84126071840713,0.7859753614198254,0.21402463858017462,0.21513573091620664,0
17.782667213756316,-97.24342519408201,35.94766669062257,0.13574077483651095,330.76337230955215,19.269329532310042,57.017672201760206,0.9394394502333292,0.0605605497666708,0.16487421189003817,0
16.482090004043297,-95.81721349202246,28.22861776270741,0.43404866584478735,338.2762563770009,4.922033834288404,85.43726999330742,0.6370193709082937,0.36298062909170625,0.3366820631305432,1
25.175366513655337,-93.65469594114225,27.730904706262443,0.8832107345787542,214.0286327462289,33.41390741038147,73.74156524741284,0.8412942204145273,0.15870577958547272,0.24487211583498553,1
14.56452914473745,-103.75913588601551,15.590822789348364,0.1701601131634114,266.98932223903563,49.658047064231624,22.798314131522016,0.8620178744064994,0.13798212559350065,0.17343436558783565,0
13.464583908327116,-96.28371108119478,6.394860278814204,0.6904991059075873,153.32201632766134,31.385771721741467,41.18664050776307,0.5993245517278653,0.40067544827213475,0.3094411902564759,1
11.23236209821311,-97.28610485259527,19.6109378680787,0.5960174865564554,178.3615271617041,7.346492608484045,36.669369844712044,0.7373383418186663,0.2626616581813337,0.22385635612061222,0
9.838686647110816,-82.2846674023808,24.592258794178793,0.3837109303081595,259.9332185706704,26.831008905694176,23.484805689235266,0.7468847879215761,0.2531152120784239,0.2302546787324124,0
8.777641061994624,-81.90878689009756,24.748779544718275,0.4150444669846113,252.5125430063875,7.547173093863065,61.85310351980596,0.9707117416415502,0.029288258358449837,0.12678243269773998,0
10.556013433845408,-91.45810458088816,22.664191183173187,0.38866624816970496,172.64991266154925,11.51579726771653,46.19780674490493,0.4032398559574741,0.5967601440425259,0.4238146324924675,1
14.646598091739644,-93.92039795870731,22.061530862685316,0.3380192551926373,192.72208602195397,44.51063019834646,48.581211210745614,0.43705071036293325,0.5629492896370667,0.43918643955543313,1
16.671475642488573,-88.60075687960887,10.582851557025895,0.10009047675728815,164.79645040355524,16.459867354470926,62.0862509377924,0.9364688713232099,0.06353112867679012,0.1303634211676096,0
15.255710292760808,-98.16575107455574,10.97818753620971,0.1809309734467322,286.40478855305685,24.217634605052705,82.40734070759382,0.6520572986223229,0.34794270137767713,0.3162700521091508,1
11.172323612851436,-101.46832082167441,7.1745464348739,0.11337352874172238,92.58886426464801,64.42251931157887,86.04930179993606,0.6020957300665359,0.39790426993346406,0.3812147245146483,1
19.500922820099817,-99.40221208925718,33.15461745373954,0.2474823530141165,169.07382163518432,3.7928826108908886,68.0699137781742,0.8309992931429357,0.16900070685706425,0.21701993487120091,0
18.69706336150474,-96.34813163971457,52.47355325672886,0.5634175363335876,100.96467617341432,53.6471540998378,90.97161347119389,0.7114257917726158,0.2885742082273842,0.38767908734452217,1
14.201758462889915,-101.63473799792271,83.15468017029285,0.1218812899283089,283.5216483086384,44.36684456101443,72.71971157135602,0.553538751104053,0.44646124889594696,0.48859107617986364,1
11.73541927667644,-88.37940440937125,20.51541725900975,0.2767033979552668,105.78131599562388,57.73020399374528,12.53499088376726,0.7531921483325872,0.24680785166741281,0.23954967316265688,1
17.742139604148996,-82.70284326216292,22.09778020587364,0.5476097887563446,252.53833588284323,26.631499520763185,57.723401154296106,0.7999981396778868,0.2000018603221132,0.23297869204859548,0
15.939867937430522,-105.87098300798242,16.026197826220777,0.4717255353458841,381.16192125979387,64.70887216726554,34.27782639453116,0.9417759907405279,0.05822400925947213,0.1597664557472964,0
7.759363702924762,-89.74871288783967,20.304745269793568,0.2973732082475501,383.87471850167213,11.836176468791168,33.12814501244545,0.41197548737479306,0.5880245126252069,0.40180865341226624,1
14.660098720077976,-92.19935795266336,8.68148271900212,0.7253123155220587,105.5273944656943,45.68074462260052,69.7888475022477,0.7068307517375195,0.2931692482624805,0.29698802590293627,1
16.310179060371905,-86.58491314463197,15.802489008637561,0.5952143100972116,273.87276813047646,34.22879112448062,91.36220003448456,0.9880205399819775,0.011979460018022525,0.16183557078280603,0
10.501526067561231,-90.12938768103588,9.703350097283172,0.926044197537893,170.8822962895636,1.1421276574891288,50.30098082877874,0.9083261162015898,0.09167388379841024,0.12567921169669719,0
15.949216964187215,-104.5359927993163,14.412148146118426,0.21692103613716238,154.54911714317936,15.264792343387237,78.93652280185354,0.8138721715704778,0.18612782842952225,0.22035905336202727,0
7.725887573711054,-102.62389298857165,10.342816465854007,0.13320149381410773,240.92240364879407,37.4242697853446,36.988155993957186,0.8452024888181465,0.15479751118185348,0.17639729656624328,0
21.680930500060853,-89.70576424415027,24.600514666940057,0.6190096633660933,348.26329255465004,51.64024092702037,47.36125669304666,0.7709067998364572,0.22909320016354284,0.2680936263440866,1
21.239749925297158,-79.71219080254491,26.584102441157107,0.25547377967752766,297.9727099376287,79.86977096294734,87.72291271275778,0.6527908763921408,0.34720912360785916,0.4009885931185386,1
13.737413328485177,-112.14187371043003,21.65925973716873,0.029783439192403904,192.78872572136953,49.861333247330904,62.8718569533565,0.847819595211345,0.15218040478865502,0.2292191368321248,0
16.817271689195366,-86.5427342019842,11.01261050934103,0.5915054125206621,306.4027197928002,29.99624650341578,41.581427644755905,0.9621018257154165,0.03789817428458353,0.1148556398939108,0
2.9503901710006257,-78.10377994712357,6.76745731368092,1.2758745281047563,70.50333344946566,8.196049632272135,23.16700818348938,0.9504555462015878,0.049544453798412214,0.08152243865645717,0
9.218261698673336,-91.53025876206213,26.77242980921835,0.18439059231252444,189.76433612534078,4.683922559047292,39.756223315496904,0.6708667624956514,0.32913323750434864,0.2674659771388887,1
13.531105399239351,-84.49797503973559,17.8004050735662,0.39421825677463473,184.08867642389993,36.23920093709174,6.787601922116178,0.9080954045740782,0.09190459542592178,0.12421712052156055,0
9.639334892865705,-97.03069080897802,3.765503354387134,0.2843000791481242,256.2656553391145,29.421502657291583,55.66505528142371,0.8923642381515593,0.1076357618484407,0.15277748277841963,0
18.571982413153293,-91.19366199276877,19.503815624572642,1.103402488731319,233.77376290720002,27.82128683339454,37.80407977688735,0.9167027674735193,0.08329723252648069,0.15172859282401843,0
24.98648265373997,-106.20913518308151,22.20452784140129,0.04571507134159851,238.68231251040922,47.34819993690234,71.93474895775024,0.764135596175048,0.235864403824952,0.2827723134738941,1
9.11692640285349,-113.44343308418874,5.000516751603386,0.9901328435332597,236.02243759150892,48.981966141761646,97.69794951184817,0.7887997840495717,0.21120021595042826,0.28024213798908304,1
10.812682979574037,-80.57234198774725,24.87292635731814,0.743099212547162,251.79257927912695,3.9776541939009937,74.95055492292144,0.5922693989252338,0.4077306010747662,0.34792042136939266,1
16.17724184154965,-99.84994927724442,5.699655726297131,0.4565884331892198,293.2104773566579,35.67299562767076,62.706531248931576,0.8200427073616171,0.1799572926383829,0.21047140574905082,0
23.055580742498105,-94.55527845003431,10.13544348298306,0.37018821089950604,261.94648208819063,46.18584446378115,72.93133905063524,0.6446109941294486,0.35538900587055144,0.33348618407668934,1
8.888128437300484,-103.86442253270194,5.732770733825473,0.993932083742398,227.25185467163533,10.578553552926985,78.344358913994,0.846222479246599,0.153777520753401,0.19203902581945373,0
16.24518061153471,-104.09969703083875,9.345031139993473,0.745988027030527,282.1398623843826,2.2888395797134136,79.65402577708547,0.9005466956249422,0.09945330437505784,0.1581196097433762,0
24.106494254065545,-91.73837700094616,6.816606820698459,0.5037481386793055,316.08988349222113,48.509154012675474,61.113578064296505,0.6404048696699659,0.3595951303300341,0.3226624453763315,1
6.7412042591036645,-97.29577194135646,33.02536802795979,0.3277382415668501,205.51792874218967,51.97507888142996,39.90289439085421,0.8305898883996015,0.16941011160039854,0.23786896911011154,1
8.59465396577084,-86.22029002005301,15.014175722591995,0.8384300633785057,245.24778154618593,22.209114849193845,67.25957337061423,0.7127370362196664,0.28726296378033356,0.2783688825166646,1
12.881966967695808,-85.47461581020409,12.859737573825461,0.41194820215937633,342.9525250437269,16.499632192664514,64.1985046930531,0.9026260025557458,0.09737399744425423,0.1576629238623894,0
12.397057935722945,-86.79150353675392,34.96126349065475,0.6598880055943304,161.77914581861148,38.95147568519149,57.21880620500273,0.7496762619616696,0.2503237380383304,0.2928891131032014,1
19.063006438768223,-87.61399209071557,33.863825794872334,0.18303513988701559,394.3761757004755,23.752741939048388,45.783389863773465,0.7133139660311699,0.2866860339688301,0.27983954057685706,1
16.20829859910419,-74.22231795068114,13.6014386694796,1.8823281667049034,142.86760202083397,29.146598549909903,53.03227133721481,0.8432175347572889,0.1567824652427111,0.20763466544188428,0
6.125189701789358,-100.67593769044886,21.38730283812964,0.6910917928388249,222.37083110362107,4.8712695178497105,74.423374603442,0.7791341853416467,0.2208658146583533,0.23976271436896873,1
17.577052014504055,-90.54934866202917,11.644823074209944,0.39229537551269866,173.98480024991903,10.068708314626544,85.94365730515638,0.9025939236034863,0.09740607639651366,0.17097589600430735,0
12.112305563221748,-78.67310179480411,16.618988589414435,0.07740683547705035,425.03415974955016,35.815689377064245,85.25484816057754,0.728877868530629,0.27112213146937103,0.295890261084688,1
21.372236084706195,-77.35460190661964,7.846911358077804,0.1761085861563946,209.73199769222785,27.429151499794948,88.12341658509015,0.9161454646297525,0.08385453537024745,0.17520401543720185,0
11.8620623178154,-104.21763649344572,23.42498532989927,0.7581877035069012,209.93270747771737,51.861632719763925,79.40211816163445,0.7982281088719673,0.20177189112803273,0.2849576460317343,1
11.816923584488821,-93.1235544165587,35.80958561967942,0.16841002288497245,220.34010080480647,21.726144275707483,57.76843020506652,0.8524528594594741,0.14754714054052587,0.21604398043643208,0
17.705658054022656,-76.4187890413274,32.009470762723026,0.1733608251384916,257.64822463151603,7.599168255039511,60.65060847850522,0.7227756132804398,0.2772243867195602,0.27047100382477224,1
18.814632411684684,-84.91920894800934,18.358200143914193,0.7496713815985423,223.7246576876391,25.41221747225987,62.28178669776475,0.7248639791128425,0.2751360208871575,0.2740528296898179,1
17.240496819681017,-88.04736968520227,3.4239031725344384,0.6102134066475635,239.36905563020804,38.46368866531481,86.59923705202391,0.7221973213528662,0.2778026786471338,0.28909238779853963,1
6.572013413075959,-92.17684693434657,11.255124538113746,0.3066008820888087,20.0,28.369696534694317,73.6060532707114,0.5669310092384018,0.4330689907615982,0.3601123903523435,1
17.690172199641253,-93.83800925707746,16.604897718135323,1.0991986178539963,254.57278688014617,72.99214205702293,92.2229060410156,0.7635086743542283,0.2364913256457717,0.33118460995895593,1
9.828459741628006,-87.11780936909676,6.101056139098235,0.2955142614181055,251.42452971893158,72.0422423564109,80.02429345861138,0.48416996389961453,0.5158300361003855,0.4478797824930627,1
16.176380557941318,-92.52374124984483,5.236958839343407,0.6656849772868122,333.0855037929915,59.292495845867975,81.05382790823131,0.939035308479109,0.06096469152089101,0.18838919212247257,0
7.881327823004699,-90.42578621044444,41.8851806485122,0.5027094719441514,354.7248758623522,58.623563469652396,19.00342933150843,0.987574019938612,0.012425980061387953,0.15231614752713402,0
17.231610737715318,-89.21401293884962,29.725099190978057,0.2962218235114619,234.9833550886562,58.40573712524705,86.39325564226067,0.7188516796820177,0.2811483203179823,0.3469804359639797,1
10.967005478463136,-96.78071528493498,24.5875298968453,0.21212941474936184,315.29832653391645,54.47991965599267,63.647663196974435,0.8856011880274144,0.11439881197258561,0.2200495184306508,0
8.58682674869739,-84.67870626118562,27.60975445460426,0.28038405444020936,161.8744975644155,17.678053734093208,83.48432523760205,0.7683852406490981,0.23161475935090192,0.2727689688409998,1
18.569100682412,-60.85755351584581,7.001565212910684,0.45260860806870284,311.38738741568835,22.141595000675927,38.85459673433758,0.8847392690904823,0.11526073090951772,0.1394180276353013,0
16.208222608383757,-107.76986639326076,9.10638765207922,1.0154756100241717,204.20193606923385,36.42801512030933,23.99313459236612,0.9641704327297064,0.03582956727029363,0.10394174928969752,0
11.930115993035514,-86.7598747581002,20.55566783091018,0.3606899523719745,155.22420254959562,41.53236030849347,59.50426754800788,0.8936610511278648,0.10633894887213524,0.19396345100626075,0
22.25589424510532,-97.60190088618906,21.611701610812222,1.6802727538308577,235.15290574367594,54.522615564839306,34.14392853383361,0.9190931788997438,0.08090682110025615,0.1823855756583407,0
12.796737892151288,-84.2259742248075,5.801658433300104,0.6006246025190589,362.03779577582236,37.36250291819573,77.88339933043346,0.7997565891730514,0.20024341082694863,0.2400885118785917,1
15.160538369854674,-89.53442526672139,19.61504588268906,0.3997362194437531,264.4804429384677,25.829889975864734,62.10963366855269,0.7384707046373009,0.2615292953626991,0.26520056711237305,1
16.344567238393005,-82.38145225957537,16.81189063936913,0.3296165202828373,369.7190518142704,17.202313080331624,54.499120519933065,0.7422331331089658,0.25776686689103423,0.2419872115522156,1
11.901670329356932,-78.24493423491221,31.38077757269385,0.6504023709869927,190.10138289473568,33.65114669696056,35.89176714738983,0.9023407887062608,0.09765921129373922,0.17683067012481765,0
17.35568146699965,-88.07578882231819,21.680619640024563,0.1438090628757129,333.8280883638392,20.692207520908614,65.12598526332347,0.9231147826378775,0.0768852173621225,0.16206408242219345,0
12.332738264176378,-78.67947711585822,44.80094802396116,0.11050544189499611,197.82719702104436,19.06323870083578,49.07038012527788,0.754232514767253,0.24576748523274705,0.2716122121590162,1
12.941808388918954,-113.44297893788678,13.655758132344927,0.3371364661558649,268.0262937191363,23.63550930699346,49.750141066798,0.9319945425708182,0.06800545742918185,0.13464365381991755,0
21.813213199016705,-74.09547702083977,7.390858381830956,0.6117489363114605,267.3346262927532,14.459532050071026,51.1056956211747,0.911760754935243,0.088239245064757,0.13130058939272313,0
9.797069737437834,-86.2493784810766,44.08640741107161,0.4814921466102139,302.9193387139338,23.460938487559552,35.94928190870024,0.7737246772059082,0.2262753227940918,0.25480618051571985,1
2.9360983453525495,-79.22156644254818,22.415195940744532,0.22253272691234202,270.0592495929062,34.495204674520444,66.91882797375445,0.7467689582158975,0.2532310417841025,0.2765392268097715,1
23.054684975059473,-102.19875744841522,16.87894489223934,0.7592581687648181,190.86523697425463,20.047185952838756,93.73933860926586,0.8898692622372716,0.11013073776272841,0.20726942935761244,0
27.746639763035013,-98.30769881605336,9.371090770493737,0.0973610696097959,320.4245561674051,64.68767229816373,81.81715447259235,0.9640106206036391,0.03598937939636093,0.18132923229059317,0
12.97365367275334,-88.54061705855226,13.768428598563059,0.7084609784119312,388.53252754603153,43.88957899871575,93.92121696091029,0.8848003449599187,0.11519965504008134,0.2289078589136347,0
5.3158097968990745,-90.17037889337463,13.260226469711977,0.38716860481040793,203.29572621951053,43.771962060589644,82.44469459477656,0.5570685169450351,0.4429314830549649,0.3935909980882689,1
13.447580119020282,-87.16931411990011,7.128490246143508,1.0071748835473482,103.18143388439742,34.189426667980435,93.62294478248394,0.6913327722870526,0.3086672277129474,0.31834383089727425,1
13.568885250796654,-79.15484839070034,2.4681321522240776,1.146549387618756,289.9455654683031,10.862028058879918,49.82428870759663,0.9749140748972809,0.02508592510271912,0.08965126767749575,0
14.050380794888715,-107.6522031530285,13.039571294596483,0.10576131576667534,223.50556847582808,33.59409547758968,60.64324458477978,0.6629897416577325,0.3370102583422675,0.30020995225017805,1
9.43305979039076,-80.2618092828269,28.0509024170346,0.04843405147471681,239.51177152357627,55.25754796552172,69.78498255760111,0.9859337571739671,0.01406624282603286,0.17533965821773995,0
17.897805712382386,-89.91718090042073,37.67975141039124,0.2506039838669422,294.494220458481,15.211070524344263,63.489248303927845,0.8275990799665015,0.1724009200334985,0.23254649180095258,0
17.62253687643043,-92.03781861124548,32.13842969739711,0.3981270705023238,213.48860561395213,10.3182221165588,68.04594708957018,0.8990258291684711,0.10097417083152893,0.18608887841458882,0
7.527971900903467,-104.71115234384891,33.292214394855804,0.17470555967039658,228.49184229250628,25.401469796673954,67.48404062942625,0.972977150296921,0.027022849703079,0.15943345495178132,0
18.49598365847444,-84.96951331623134,7.8238490778719365,0.24447299834390782,241.99043864507308,17.334297310713968,64.15763885024268,0.8946489402565857,0.1053510597434143,0.1536155226200815,0
25.263424909729455,-114.14107851031036,20.808663664837734,0.4480968380327298,367.5803150388013,39.83907323921001,49.11898499102535,0.5937131898531632,0.40628681014683676,0.34810976768857943,1
15.8598016621853,-83.51605988761287,24.709036137968056,0.9603804836776474,252.40556832908652,26.648455555806706,61.80038075261923,0.7565254356639252,0.24347456433607484,0.2690272057369956,1
13.31337418965747,-104.92105835472992,25.71299968094075,0.1429400244427957,151.1461135348032,50.37559051664287,75.13348838660654,0.8577147363417338,0.14228526365826621,0.24376487368113492,1
14.289983927962393,-89.46542087382527,16.625774998521358,0.21903546003655927,154.3297215087108,4.28246718834602,82.91308364668116,0.9629605369904077,0.037039463009592266,0.13469627258845057,0
18.076283834842805,-91.1916883732792,19.179768910967713,0.0737235821109877,261.1383937327681,59.91914639386123,66.49839551676644,0.6006833630929098,0.3993166369070902,0.37554858139708874,1
6.3466419724639085,-78.30461852706117,31.553569965835862,0.4464648865767429,159.6457599447217,26.11181294003754,67.44745305390869,0.9701359777765686,0.02986402222343143,0.16177948203135473,0
15.821953514886511,-91.78655169013891,24.14664625931752,0.816746467571151,125.01572104606714,30.465931248884175,85.03983198014154,0.661680929980371,0.338319070019629,0.34596868580450946,1
13.04768025268595,-96.94138561145665,27.015528275643234,0.45582249879036585,300.8428792747209,37.34742019373921,18.7437575157382,0.8458142058410388,0.15418579415896116,0.18597488189827455,0
24.239125064780225,-95.06602695971203,12.613945094914657,0.21484059983750206,304.7598722294916,10.935652959729218,85.62519652189162,0.8005725857193078,0.19942741428069222,0.2273152509767486,0
14.12913633097521,-77.27117231245336,26.13251308694091,0.10860244895254692,220.54907728849173,38.559217218180606,84.02218852580609,0.8981172405093117,0.10188275949068826,0.21890171758380209,0
23.339438055597597,-84.63703030819106,19.012488482099535,0.5608581629309185,273.4927432921367,29.769894757702065,41.81142169126743,0.9053688974068652,0.09463110259313479,0.1577557372276521,0
9.481296511089964,-93.85629981523161,29.613712188502777,0.2970680149086154,265.04973153564003,37.22041486043687,59.825541617464054,0.48212297526595166,0.5178770247340483,0.42926956851346776,1
17.93629583401396,-92.36446419964514,10.580193476817236,0.2693164997669986,298.19355087752683,19.03079305771626,63.916147722641036,0.7871512306371836,0.21284876936281638,0.21857721914280215,0
16.597001318956146,-105.67177090585447,28.136813424347533,0.33650620520889124,298.3799923151839,16.644026655980497,88.73479416267236,0.8722461293491202,0.12775387065087984,0.221213731865247,0
10.654763760676088,-86.11525799148458,13.9010584600922,0.26123292589709685,41.53691299782193,7.11157358516628,86.13284945452871,0.9278643465414095,0.07213565345859052,0.15638294939102904,0
15.886980573184703,-107.59815707695466,28.217214038572774,0.1683949943360955,230.76008332140844,25.639376799042356,71.09155557473623,0.5548481167387307,0.4451518832612693,0.3855742391686968,1
21.062594184158,-82.48203534164544,20.89606651225774,0.21077866943819026,291.43233505425064,5.742584371603564,40.084408335514944,0.7217959040985603,0.2782040959014397,0.23229113191567885,0
13.381041478566996,-88.71378407508735,18.09961038726961,0.24064074694331347,217.16347271687886,92.48278759164424,73.6064369244871,0.693805016620871,0.306194983379129,0.3640522884249898,1
6.5401867541511844,-66.13048200426078,14.435201581160122,0.2451190175220016,252.89621114078614,56.94288940180142,32.02613314616316,0.9388506773276466,0.0611493226723534,0.14670514256471917,0
14.91218586761277,-101.00135553724306,16.92816021474242,0.6553204316180284,310.0559985342462,20.803615822247217,77.53647176132255,0.8444728525049561,0.15552714749504393,0.21582546334413785,0
10.487884526037437,-91.02662091040634,13.061369826991223,0.24257698552662738,256.474018660173,18.95796374544051,50.52598636286451,0.9626554465334859,0.03734455346651411,0.11204127911064088,0
13.288295306680588,-72.01712299076937,14.226643569950271,0.1161356453766228,370.6335533787893,35.47962838960186,65.05282443799824,0.905642240228039,0.09435775977196104,0.1749305425108703,0
14.592061151574395,-78.08610359708585,23.738184289585696,0.14642996086956986,340.1589001824897,16.504413138967536,62.86449416891726,0.4899591154865054,0.5100408845134946,0.39696296983338114,1
6.471738919922414,-96.962120515799,4.361469852043489,0.21353664514409013,240.5148677622853,67.27980606152664,82.76960869030191,0.6162500448704575,0.38374995512954246,0.36978946130258306,1
6.92170830339661,-87.76032571626553,27.97809580040241,2.1933097946509745,234.1563063420177,29.576760716710137,37.11102107814001,0.5870552604747895,0.4129447395252105,0.3577076301808293,1
17.410334177627625,-89.98000643584913,28.27100003100452,0.19634237731536375,21.974071583890833,48.013953301224326,46.43984634262012,0.887603172623433,0.11239682737656698,0.20064197852061672,0
12.386406519151599,-87.18044132605843,14.738510691788155,0.35224084508297715,223.87982424875793,28.846305180756588,57.14024053769911,0.8448397349441628,0.15516026505583724,0.1969548659876782,0
2.176278290897164,-96.98680435984829,19.50982008953014,0.07069173160171831,141.73848858315787,47.12348385813943,94.14268882705348,0.8004001074374711,0.19959989256252886,0.2810177610448962,1
18.924220183040674,-90.89320402700734,8.621825929286262,0.30330902907731105,267.6983633600498,39.643629920821176,60.53672330269961,0.8855546582487696,0.11444534175123044,0.17909112037140004,0
16.3618487763712,-105.98052375276714,22.76899223863633,0.7752834284597209,262.22965688960016,29.76061851783219,68.7434402595915,0.8759027439213227,0.12409725607867728,0.2086638722632479,0
11.43062587981758,-88.64876548131917,9.47131628807632,0.2553419049315798,305.6684604821422,23.748005683820598,64.0600048160709,0.9018765033434708,0.0981234966565292,0.15853632714241284,0
8.415848944708792,-85.49979326578168,2.0,1.1375924827024517,361.7336377558553,18.57540504698873,69.50340418448219,0.8881255286375064,0.11187447136249362,0.16398569330786694,0
19.179039481571685,-92.27419412643884,36.80403427374988,0.10170950553238502,247.89844562624253,15.018833589024883,42.143569905008924,0.6982427990800966,0.30175720091990343,0.2793520104659294,1
16.746753112802146,-106.15050890584789,7.885817897824265,0.3058545454032584,432.43330495385567,66.04367771115062,24.307560938342686,0.8639324556794921,0.13606754432050794,0.18007566032654165,0
26.913011413420367,-80.11468137148537,16.682848893306694,0.21567369811761056,268.5961156175923,23.987389478340734,48.155765052355285,0.9411167376191847,0.058883262380815315,0.1317099591612806,0
17.100942993624688,-86.35474962007197,19.996951037848337,0.13737038920688857,145.18268850266935,9.604440200537015,57.9158032249372,0.9368878357207006,0.06311216427929944,0.1336010642279303,0
16.938515706310074,-97.26015097700977,23.704764116897017,0.5820038448180392,205.03424999119042,10.893280257854746,57.00930464250218,0.6412570563990334,0.3587429436009666,0.30658838850441444,1
14.165360349457174,-92.80600446838064,17.689087248405166,0.5304270772871581,220.18026397537423,41.079048165493276,36.543815072282385,0.9244118584986044,0.07558814150139559,0.15103424270902258,0
19.083879336003953,-105.00669402781838,21.15315842592757,0.3564713710379344,297.3701720922703,16.488155652088622,73.07193627144373,0.6978828130688013,0.3021171869311987,0.29101899608496234,1
18.12542600624077,-100.25410127777904,14.498880538866993,1.2184677011190705,174.22000798165595,58.118686039727066,78.92559979141575,0.6987046491606771,0.3012953508393229,0.3366897266122616,1
21.258625042825976,-95.3781134635714,5.108386224158084,0.458707826614751,226.16192937524832,12.715198111044792,61.175995273563984,0.8439343842692358,0.15606561573076416,0.1719769396389137,0
12.393385406813575,-77.71579187719848,17.236014763189324,0.8120717929137828,237.11677753631307,45.686830867128904,45.97913033238824,0.6246122013245429,0.37538779867545713,0.33210399054494033,1
12.822962635280188,-96.39503390887475,25.787196881884096,0.4562502080459453,214.1503353875565,39.94830686585094,74.73154721639624,0.8596150061171185,0.1403849938828815,0.2351348981211176,0
12.6044841454401,-83.5978634067124,8.272087196295278,0.2709726123417891,314.9132305343775,60.52541737929488,91.45076209999029,0.6972163475276679,0.3027836524723321,0.3336250452569286,1
18.954008605894945,-95.3831620286158,20.131339774681223,0.15448710048229247,301.30571107722847,13.267985225049406,58.91696315072562,0.7209768889239228,0.27902311107607725,0.25738954013446225,1
22.49187220148366,-87.52052439148125,50.195422898443944,0.28429024125892677,343.32537080831673,17.667643697987657,57.95890796361213,0.8721809015970997,0.1278190984029003,0.22406309254345014,0
12.705797534253497,-91.41395502143803,16.482389822134618,0.7572635522957563,223.51798551110403,8.155757513671205,91.61474581722577,0.7926961665724989,0.20730383342750114,0.2460838319721821,1
12.876131361034544,-81.26943399907256,17.058972474033496,0.3874645798435899,346.20220541183215,28.631981128984446,88.59785532139196,0.7353609015110035,0.26463909848899647,0.29224444512881065,1
16.570386119348996,-95.34811338218557,4.741786891892274,1.083780589793299,140.88023312183634,7.967377761917365,43.82136227783425,0.5873591629795161,0.41264083702048393,0.29669168663678913,1
13.771192499935493,-105.7252825000244,7.514825635471,0.3041364191578073,138.92925592081144,20.3373687340248,65.33815082381652,0.6318542890190381,0.36814571098096194,0.30246926324215495,1
19.76026826569945,-103.81949031363632,9.550551191300793,1.019182236696436,152.89586511270295,35.2333065498735,29.579385678633013,0.7793551781438395,0.22064482185616052,0.21068499340331037,0
3.741113546904767,-95.31877493942757,25.15668456946584,0.5752501082048032,250.73693541056716,18.299732086254977,87.61467379598915,0.6310706271479873,0.36892937285201266,0.35231308888709784,1
10.866474765415527,-102.49059970678053,8.719550912564756,0.11754857030398272,346.19024932622045,7.14590889103623,84.68089263650162,0.9239971267852214,0.07600287321477861,0.14788319386755305,0
11.087918330192771,-85.89787984320449,3.36780767796747,0.07542867993548807,201.8286335488296,22.700772884786687,48.90793237912543,0.9677696894490021,0.0322303105509979,0.09514137438326706,0
3.398219938069275,-94.65768164858078,22.46889914512462,0.11107938787722911,211.86452760284504,37.94356140572951,80.48172034400712,0.7573485259727171,0.24265147402728293,0.2866977350612015,1
10.18180777815598,-66.25393449973569,10.219571163287842,0.05725404906812851,232.718563575253,17.246398670415676,78.29588733342845,0.8764264514353349,0.12357354856466507,0.17940963495002296,0
10.42421942077037,-107.37714595137132,4.910309371385172,0.5043312209181087,295.82624987101235,26.333629132321086,82.77531291678422,0.7157242718479712,0.28427572815202884,0.27786936879898,1
13.994476727405848,-87.963668212902,27.10501410346936,0.36436463378654516,211.7899757316341,16.622830510974644,77.23218554405229,0.80933347483322,0.19066652516677995,0.24302277238982545,1
20.56482945830132,-101.27953023505668,13.363983647110295,0.24337314206463434,207.3266433666799,53.59903278678894,28.880286492915435,0.8511372793028394,0.14886272069716056,0.18683352255445446,0
13.774696744046489,-94.93401340382678,23.817281208805163,0.5389477434136355,142.36837893138477,35.98020431466879,79.36677119844585,0.7607269650596548,0.23927303494034524,0.28806254397764863,1
9.84593139864423,-88.58580526659456,4.759509375267503,0.6575167922117333,204.26231110583032,70.9365490932301,61.227454865267184,0.6862015914049101,0.3137984085950899,0.31846756067081533,1
14.715227293932355,-113.25371374874287,2.2044380855778436,0.3786718194781983,344.1969402348266,49.85511928924599,53.45500716581001,0.8571689131268119,0.14283108687318813,0.1889605995584582,0
20.245868107206746,-87.63173883211972,18.90231323043985,0.21722546771084772,257.27408067827815,17.233906272584548,43.045722431572905,0.9869882289814321,0.013011771018567875,0.09796182728713804,0
10.120205919425477,-70.97092537725833,7.30015304094039,0.22755205289368516,190.8116391801668,16.214178597337366,83.95483030044456,0.8039079900076442,0.19609200999235576,0.22124536448392504,0
10.447125580392758,-94.53438298368593,18.72473808570545,0.6876738295950447,348.89151781831475,77.67806214694217,69.06339725157342,0.6277781078851112,0.37222189211488876,0.38642734548621305,1
17.792744796371117,-87.4019214319449,18.992191855480307,0.2694542594541493,203.18291983518503,30.790916889104423,86.99760297851175,0.9646772668667813,0.03532273313321865,0.16839885346864839,0
13.892319421345997,-79.750783068746,17.427638991298913,0.7186997366676717,363.59644635859723,37.98792326941047,39.53365802590513,0.8831641872016242,0.11683581279837585,0.17510973418804743,0
18.237423453547372,-91.63953500026996,33.12971060595202,0.4015540087811508,362.28855823200803,55.8289200328255,25.342010129506694,0.7611803316090479,0.23881966839095214,0.2662318537740954,1
14.931766041023517,-95.80960188531483,76.0858942379186,1.131184960785325,254.48093010997349,62.50440912197759,64.54415268413965,0.7012572639701312,0.2987427360298688,0.4167977575872762,1
18.508318240447835,-112.75736403721751,22.21572416554611,0.29302767634815174,130.116037810265,23.978614839552385,60.82820865039689,0.7737248092752762,0.2262751907247238,0.24551204140034805,1
9.824609429796796,-83.59009280605027,50.16569897516231,0.9846746071087782,433.1600492276604,23.13027036946557,90.1679312735195,0.8906653575097695,0.1093346424902305,0.25852754954644314,1
14.939576746058663,-91.13168409728897,13.620964113013551,0.40151918493439137,280.9820845011637,45.7461262885904,71.70580939128499,0.8728084174311846,0.12719158256881535,0.2118539441115881,0
13.946549928184215,-100.12683851388162,6.211815922057484,0.08682047962393702,224.08903802235278,6.94546223752962,41.26330903821561,0.8309035513399141,0.16909644866008589,0.15139774671811806,0
8.920545379479346,-88.73403289722306,10.738761630678304,0.2882606983983269,326.49023318200443,29.97909203572089,72.20024216710331,0.7701996826771518,0.22980031732284822,0.24756025816039146,1
7.182610260656558,-95.83680356806181,14.198490964178891,0.3208408447774707,306.1842229617078,30.262810397368224,70.46080337068172,0.9018436390560965,0.09815636094390345,0.1792157571812399,0
18.428745176373308,-95.28426131115526,52.721958825912786,0.5316174003429479,354.8750679909152,46.25816649756416,80.33957137109034,0.5687467713345806,0.4312532286654194,0.44818612587693385,1
13.24523808891011,-83.93708843891292,18.09768223640759,0.9165629805034231,197.0121769056083,28.026461955532262,80.46449265382454,0.939737345195189,0.06026265480481097,0.17794756791164845,0
9.888598591763351,-103.38382411323845,33.89164524518686,0.7493133672100554,275.4778730219514,35.1737780114043,68.91502595526639,0.7441329712777626,0.25586702872223743,0.30314627130378213,1
14.519105315383339,-79.52684713926241,12.830143838361824,0.438134317269105,155.13038158040504,34.166850379318454,66.01662077310101,0.6319794648537301,0.36802053514626987,0.32622132441310164,1
20.640094286746514,-103.97686163118404,11.73580599261292,0.25630427891069263,303.3067516592987,16.754830952337908,58.62116211930113,0.7801488177567193,0.2198511822432807,0.21646089508346975,0
3.5963107731403845,-96.62701408355264,4.584495713247945,0.10340134500041882,248.164370429825,22.175942790921685,70.88146164047483,0.7685801493195787,0.23141985068042126,0.2282490793255043,0
7.516806550483368,-70.77053805933423,51.7052959701883,0.22481144532857847,272.48074043894496,36.41681011421808,77.74700132093824,0.9048169930932165,0.0951830069067835,0.2463205236424555,1
10.385567790523663,-78.72645238357578,40.87407121729314,0.16648160746207624,238.29202209276238,66.23450500233858,39.394457424614735,0.8181398683951546,0.18186013160484538,0.2686279577101787,1
22.305894333601643,-89.0239600750456,20.267800615451577,0.1498421159243033,229.9208943529311,28.22417185508247,71.4217318821496,0.7860569476488757,0.21394305235112432,0.24921470461277084,1
16.412934914596484,-99.40530215501217,14.787199489195224,0.20882029633151095,180.5415060788229,26.13372648898889,66.99852480339194,0.9064614722309695,0.09353852776903049,0.16884744376245553,0
18.836586202306133,-95.29272306699893,18.560199397007793,0.12275107510559735,313.23441717473867,40.547034770798504,17.399459023372152,0.9316805400499771,0.06831945995002286,0.12459000661325088,0
9.299195404368847,-89.26724685414304,6.001682330671094,0.5594771394506012,369.176322939315,18.28358146277105,55.172687182752455,0.761929089461383,0.23807091053861695,0.21899256433227546,0
9.40232062364737,-89.62476767660402,23.78848397099427,0.050211932718583,205.46653128719316,37.75712270542974,93.75667161804651,0.6574124790866306,0.3425875209133694,0.3561217761095066,1
17.23906858361355,-90.90870929625963,38.83641655215324,0.2170597184910243,294.28324039768756,33.84171955882575,37.57864166173982,0.9003261803395146,0.09967381966048539,0.18666618404697263,0
15.291371654677233,-90.30832514084184,40.03036161580125,0.3162531110746914,284.5746899728194,50.32515215445507,75.399731240189,0.6433367105204559,0.35666328947954407,0.38509776614284214,1
17.74369409432063,-92.14375109705114,4.7614514156439744,0.089402968330599,250.6478249079087,19.51735553642549,79.30429350735675,0.5340431888284709,0.4659568111715291,0.36313410199489515,1
14.06164504535774,-104.41978735640012,33.6989710114894,0.06988043055924571,127.87234133082266,26.733086607720292,8.385944566737685,0.8148669859820634,0.18513301401793658,0.18818944970714968,0
16.390718632273135,-95.16510742160833,6.036204301773025,1.1964392694780042,145.8722119111526,59.07927251636357,67.4765091548312,0.9554184029305398,0.04458159706946019,0.17209435920683747,0
15.790595424525545,-80.85375946013153,2.3807213008783465,0.36858781077527825,187.52144390787436,64.04210586105057,43.08463609942732,0.8279826632514341,0.1720173367485659,0.2089932372312594,0
18.88883694542463,-103.68334297551118,34.48336251186759,0.21227032730333945,78.87962211424548,15.352811625704046,70.41989192314493,0.7115687902437563,0.2884312097562437,0.2982576159556178,1
19.035041409722353,-91.89555511539278,12.096838651282955,1.1274438225672465,362.6424583924492,38.620247924283326,84.48609781881608,0.9734653702498394,0.026534629750160632,0.16712008830828465,0
6.900640028041151,-98.19753928770844,31.531838026284476,1.0580296556118234,279.41625833437706,76.85902089301334,78.04579750782565,0.9157651852639948,0.08423481473600525,0.25911202010118684,1
3.7636572232957217,-88.88649570601889,29.802457395678086,0.3326272632018559,247.60311612807027,62.8923900310422,37.925649472776975,0.8028440373794635,0.19715596262053647,0.25728377767064997,1
20.008726988257536,-93.88633181066818,27.475490432397322,0.28659044786873816,74.78113445857372,41.738917440143965,70.58697044671354,0.7462083579328346,0.2537916420671654,0.2959904311510818,1
20.93862546630968,-75.22606335025331,18.408872092319957,0.24041434228871456,104.09033159836798,30.407506734352747,50.23186171024554,0.6606070429859284,0.3393929570140716,0.2973229463637047,1
9.896884902433314,-84.93416845809746,6.617733811138091,0.7305165479100235,249.81268894504333,33.87751359063793,62.191941296091436,0.8009933826181691,0.1990066173818309,0.2227548606425437,0
5.700822967271858,-103.11803165777212,14.219991633127073,0.559580645292407,407.63919723871817,4.35629353549164,85.32102307955829,0.6792196710948805,0.32078032890511954,0.2930322914154804,1
15.495174105036005,-83.28771988386302,40.43780347353543,0.43163236648599007,194.10846433015345,14.694519122298033,92.00209942775521,0.7717037395751285,0.2282962604248715,0.2972325906588956,1
19.654191131752647,-97.74651856262064,32.038589559073316,1.253420795721708,319.1038411529951,52.04061266058944,82.09845791647477,0.8390114546584364,0.1609885453415636,0.28327486281075126,1
23.987972612171575,-95.76996371377534,14.748240976345368,0.14042614197768005,211.60780738600312,21.591615421622198,45.23259559177888,0.8654884005121041,0.13451159948789593,0.1643322136160387,0
17.581487860507256,-86.86180979892879,14.620866632602068,0.21371704479804216,254.41914074310932,25.6105553455093,56.46648045763849,0.8528657592709361,0.1471342407290639,0.18706933860101646,0
13.141416517071525,-94.91747419730135,25.950692866714785,0.25844183729537296,347.17470791143455,19.008696900538627,66.51398697607401,0.7140689564320942,0.2859310435679058,0.2842952155119867,1
10.534346892075686,-81.07144183677045,19.305818332224902,0.2787956522858974,222.32386958667647,11.498895995439069,47.638711776407284,0.63426620565767,0.36573379434233,0.2920378786813242,1
15.057256458353272,-97.74510061513395,15.285602093414033,0.07401379582576356,194.79160735582934,13.597779150653277,71.74249879589797,0.7589054464011314,0.24109455359886856,0.24161082352430763,1
13.503676480573718,-96.18946552591363,24.588794726577362,0.23458884663709992,363.4456443299811,34.2100439810672,81.31928893918953,0.6353969262317177,0.36460307376828227,0.35529010404904904,1
9.924660471355919,-96.56370893548109,24.069607426587737,0.3618012730835169,253.64462568908763,38.84553505595921,73.59188070195434,0.4920728851625961,0.5079271148374038,0.4315197527892024,1
25.24377825431643,-95.65638748355039,10.960640056762891,0.2508716235254323,337.29640724689307,11.956302762648287,79.79230021987537,0.7097410430706017,0.2902589569293983,0.2703407056140914,1
23.925842010360654,-79.00808444452187,21.88292176993953,1.238266434279689,195.18008852922503,21.172675225468442,31.5754963616432,0.5575913096844191,0.44240869031558094,0.34127999825838734,1
20.68024341777714,-83.71203706389697,23.140169332221852,0.46936063957531243,362.5339367168781,20.00718066569357,46.56016206675912,0.45034030596694147,0.5496596940330585,0.4082840348447207,1
10.395748010954362,-72.90056045987929,17.481876083633253,0.04657313751730276,271.8901819627689,16.835653525376866,65.50572968171998,0.941338212909006,0.05866178709099401,0.14129391160776647,0
19.275096621486394,-67.32355796100745,10.1014569798462,0.4107423117691793,284.7830100971727,26.13399257392168,79.13798022113305,0.6642459091273669,0.3357540908726331,0.30919633136246405,1
18.19813204748951,-100.3071703193234,13.910063770404497,1.2929767425548186,260.53034491433397,47.93093967963033,69.95749401421124,0.8253377316018711,0.17466226839812893,0.2477475443939674,1
17.212728121020266,-89.29580872672712,8.596665246379008,0.11114701186487527,209.5620014402799,36.344522035753585,66.40763504296045,0.8626305497099043,0.13736945029009573,0.19231182272648395,0
21.248326335218884,-101.76200316643433,22.269873565663758,0.0691260016176081,249.86537516040227,25.331091849241062,85.11979330538722,0.9134523702142863,0.08654762978571373,0.19214815190144255,0
18.176855714306388,-97.77605927748267,4.786103589203498,1.4074514366080217,214.5927809608507,32.52456086898137,35.38825086405824,0.6919142081919739,0.3080857918080261,0.2586136669773394,1
18.70007118152168,-96.3008251025567,42.98278354794387,0.5694545995116228,326.7636850115829,53.322911929176584,62.10049355042606,0.8810511841685794,0.11894881583142058,0.251013975503916,1
18.18453141686105,-100.57154874138274,37.728895134306484,0.932583616157423,233.75542663450702,34.4562400552113,72.97832964204426,0.9565684029543952,0.04343159704560484,0.19724112693537219,0
16.70395704001053,-100.51887272898414,23.49589995373523,0.03785102137543417,130.27942177648805,41.73703934990326,55.34544829003099,0.930486633704723,0.06951336629527705,0.17093719924669384,0
6.081944351429083,-91.44284378520256,30.883042005410722,0.43854757326665683,115.64610120085729,20.28781332057851,65.07606642969729,0.7103639764881543,0.2896360235118457,0.2953737314225736,1
15.418105387052787,-102.16718418386407,29.612731315954733,0.2766793657566565,111.86254781436605,9.93820592113586,85.99903841812126,0.953262040238948,0.046737959761051995,0.16882901283933438,0
12.219040205754375,-81.57873040862367,19.502917743177747,0.45240463682851295,299.4376606043153,3.059162310259567,40.02220154006315,0.9267033361898224,0.07329666381017763,0.11717295192897216,0
8.600795211799898,-99.17753537417514,15.582020488746839,0.6062661333150507,157.87965509012446,19.889225475502066,54.276878442282914,0.8693292904799331,0.13067070952006687,0.17547068622009254,0
23.40908309650412,-61.90431029903608,14.381767160061917,0.26001305325253476,274.00686206708536,35.21666738658026,11.473409938551764,0.6946460959344797,0.3053539040655203,0.2388075058337864,1
23.644976704428515,-94.51384450964395,43.94553714452274,0.7188815816860795,260.92596139931305,31.759610726812205,53.75544989048484,0.767893425360746,0.232106574639254,0.2862807982025316,1
21.79610300147806,-89.27982358082947,9.828741385253394,0.3920640617259416,244.82331240721783,8.091899328533597,23.130040045039557,0.9040570035024179,0.09594299649758209,0.10265434014238281,0
16.276067084279372,-102.95341184466035,9.97618418484639,0.49799071333122785,285.07241627058954,13.887626341401866,40.42802624624145,0.9159009783451344,0.0840990216548656,0.12051429790840126,0
21.753125604763284,-72.93908241872361,32.57958422657469,0.1781576504364345,262.6642829672421,42.9244698141076,52.97159906212783,0.8654029920773294,0.1345970079226706,0.22057537607793065,0
15.060265903009128,-78.80499319197084,30.698800132302132,0.33997542367134037,33.22162057752399,28.80725347130974,75.3446849735852,0.5967213975406602,0.4032786024593398,0.3754031242326984,1
16.013986384488895,-87.03084129263887,14.959660887257655,0.06667427974599718,224.1099807321208,40.327319219458396,18.042945489732173,0.8969800525878449,0.10301994741215514,0.13813746991422235,0
9.532643147690084,-103.46802548779566,25.11764290777138,0.3141499571423453,284.0082507250745,76.63390815790989,10.158995412657275,0.684919041827036,0.315080958172964,0.3009053944987779,1
16.9849565224942,-87.8933312227538,27.233144103899082,0.5053925572163012,381.2226248603999,31.971078005991632,92.00541567595326,0.4450682944023578,0.5549317055976422,0.4750925734886597,1
15.301929642122085,-101.21431046017256,6.350669741362481,0.4533773498273503,384.91660932659977,22.887099624874995,83.12635199536005,0.6964706850833429,0.30352931491665713,0.2870143529347137,1
8.486739415827678,-75.37644736526639,39.21713911856266,0.137540606345958,140.94795891317946,29.112982297633206,33.92180335756862,0.6508793723294324,0.3491206276705676,0.3152522456153176,1
14.744014440917015,-81.90805268146828,27.22714232460269,0.4109610812615948,222.02197605497815,31.04108544102892,61.383045366731224,0.8093377538450488,0.1906622461549512,0.24223869049250332,1
14.601352180715958,-89.04560961512264,23.77618758330842,0.6652319727183188,124.71081490336017,38.38190545134441,95.01944098180327,0.812970014745189,0.18702998525481096,0.27858443942543953,1
23.9878058332232,-114.36375663247323,27.360378263307158,0.21715380636426726,371.5908060088066,31.776088993003675,45.25310545070292,0.8881906341469266,0.11180936585307344,0.1817364511215004,0
19.471066642567045,-99.8341597865903,21.97254629469533,0.16557992092031973,331.0284966518841,71.57713778197163,29.332954469833254,0.5164978286693046,0.4835021713306954,0.4014509051349336,1
15.05722719545733,-83.12238868400128,16.80870965583808,0.20250446007597867,278.047030949054,25.433141381866253,75.12895315729368,0.6773016001683546,0.3226983998316454,0.3052843235310818,1
16.243936549005415,-77.87116308276845,3.2134300171851216,0.6268944316925622,263.2875889008168,80.7801457459448,20.206933302601488,0.6799963725019637,0.32000362749803635,0.28807816351516957,1
15.221061890520991,-78.90830188507869,19.617837126788555,0.2240764764595894,360.45048802795793,32.99311972113183,63.71518506020442,0.7884296737819164,0.21157032621808358,0.24473950465606092,1
13.985430076022261,-105.92013002241455,5.8718986210690804,0.488817541255389,346.90601558081113,14.306252567940664,86.78078730600683,0.5622642826252361,0.4377357173747639,0.3555377077742251,1
9.587864013058566,-86.98447693187096,54.529146599249884,0.3676068500585775,342.6435757324897,14.251470595051286,57.33749606161527,0.6779118132302923,0.32208818676970774,0.3342072577794664,1
14.244740611965353,-79.8448478351707,16.617275292401217,0.588207104410565,286.5343887825808,40.16332674523702,58.959432168238735,0.938197374752532,0.061802625247468046,0.16392218678229065,0
11.269508716737434,-106.58335565582246,53.96959972782388,0.43142513625534734,222.061736038867,19.27021001245805,78.37235056261358,0.7308311954326536,0.2691688045673464,0.33095405404140144,1
8.748422305384267,-90.07904515373237,19.838037272800182,0.6760604896661011,311.3699865614046,54.12345511873132,35.17684777446751,0.8210301667197621,0.17896983328023786,0.2242513720031909,0
17.556109072737673,-87.26157601691544,11.656938536138895,1.2997983408115343,315.2833524204092,14.593750890467504,89.96197183704324,0.8839474097023821,0.11605259029761794,0.1988680386035243,0
16.956323299666174,-93.00764584846735,38.53204652915861,0.1851923814838321,234.7490024326432,8.58371085496041,48.365566859283895,0.896431131918103,0.10356886808189703,0.1735621487678639,0
6.06646244315961,-108.52161855401201,23.16417932714025,0.3387532713249165,221.9000864932607,11.171446815239637,51.588373128428564,0.9553831880834278,0.044616811916572185,0.12543286820174243,0
14.386576812524364,-93.25698110073729,66.37491170497252,0.48150009344644995,340.66506156465675,56.025333272815736,41.99010285622912,0.6298237531626592,0.37017624683734085,0.4059897403815056,1
19.978506929499616,-93.27305430255024,11.440174034885779,0.5460060569677473,383.1292887015685,9.975594520030485,45.7772340831807,0.8171860504818081,0.18281394951819185,0.17892082246022287,0
20.296118694481606,-91.48072404547754,39.51852372460049,0.26196331218688085,190.0483375268187,47.34542761963815,46.93518026089606,0.9057087799022789,0.09429122009772106,0.20803819764305032,0
20.129184214426193,-95.6347142542507,40.79842181524529,0.1073004596116208,228.92986596416205,44.27152944896907,30.59214355968256,0.7493118878142087,0.25068811218579135,0.275012772029821,1
15.194566034507298,-94.43012153241467,28.66394398816786,0.2753226446255115,278.07464611637585,59.12313779936963,89.35777513140556,0.9054262736945511,0.09457372630544891,0.24624560482727903,1
10.774773360154246,-90.39706282346978,41.005282323984964,0.6703913699679875,288.92791981988887,54.08484206767524,83.62087778917471,0.9481793316811143,0.051820668318885654,0.23441892461789438,0
9.581505863209697,-85.57545395030289,16.879166620677843,0.14172549596339157,208.21069126069645,21.978960625253883,76.33832944110587,0.9133392477592845,0.08666075224071546,0.17271670868940392,0
16.72302452375179,-93.04426762856667,9.791432460594411,0.4812706089370817,400.68165042752355,39.24902666076957,67.96687464071314,0.8971223506754118,0.1028776493245882,0.18329846321026866,0
16.896400171825814,-94.09648928368001,12.428669838957662,0.33475606868207114,283.7676212436137,44.69721227078661,87.61708053801466,0.8127664817946353,0.1872335182053647,0.25728329326700905,1
21.43665555802533,-89.07645961745541,18.944606960337104,0.25986333573448694,292.5106726776442,56.91831193807858,41.47555408096817,0.726567668746443,0.27343233125355704,0.27979719200635367,1
20.49989825171042,-109.20915925895181,29.590288199868155,0.36848044998684315,390.7107265209403,5.5544190498844515,71.27689646974062,0.554031890333884,0.445968109666116,0.37018401263565953,1
14.33885671734414,-85.22964872773542,10.31677565163043,0.38071339897798934,214.0750699804328,12.850134368904428,39.86175284057214,0.7518693566019138,0.24813064339808621,0.20846603854564952,0
8.778970605695653,-90.00563097122959,14.39067571960741,0.6438060162466932,242.92544988461776,20.727982394900597,79.24107644649652,0.7331908149638859,0.26680918503611406,0.2747381843531379,1
13.40446701494551,-89.60306473402439,10.94370459679508,0.1555922378389746,149.7342216782697,27.977923993713866,49.65739304380173,0.8282085564917798,0.17179144350822018,0.19009209024061907,0
16.086155974052623,-80.39265692405536,32.9082693451207,0.4132202429667633,236.21196221971374,64.58054390969463,71.03785546499762,0.8107764403719219,0.18922355962807813,0.2931859636174839,1
13.98958377305298,-109.52815530048248,53.71318936212268,0.2182704715149451,130.88579808517096,39.679180974276676,75.962224815834,0.6842281403872864,0.3157718596127136,0.3720684173354367,1
12.11052945961172,-109.73833869858964,8.555249511389322,0.5168057271727545,309.82794833545375,27.805398179687053,72.24666523507139,0.9699185121868988,0.03008148781310116,0.1345978132507756,0
16.264424074849494,-87.26196154676481,25.873050109697708,0.2528940101435935,283.59974000559936,37.98444328807724,11.197586204399466,0.6180446930227602,0.3819553069772398,0.3005959635959411,1
12.480211292946947,-90.07116855128515,35.473273063296794,0.3646140215584137,227.83445543691678,41.83595491453792,26.53680719066837,0.661286866450442,0.338713133549558,0.3115210353679925,1
11.85966958137313,-88.29823056808068,15.877606554448478,0.22064406357824198,241.96610337457219,33.580508715150295,90.29818793173565,0.6228204625077195,0.3771795374922805,0.3573502927350954,1
16.557264171517197,-94.62127075172445,6.143785718976717,0.9761665142242444,310.91731321511924,49.367084288410965,66.1035153211206,0.9295380201583746,0.07046197984162539,0.17320203224313305,0
12.990037099353977,-83.3564632576007,38.312956849971926,0.4832455121839532,159.13631304880818,20.722311050559735,28.90312454046856,0.8735020952172541,0.12649790478274592,0.18150117361833595,0
16.22052194489176,-80.6736115700888,5.823291438231198,0.497789959374435,266.33342939620184,48.888392069720624,73.28008719698511,0.8878370095903415,0.11216299040965849,0.19757096074310906,0
16.366020114260614,-85.16017706048473,45.25656438637259,0.6139013814484308,305.96078451669956,7.979569844288763,46.61213167302817,0.9684981350270687,0.03150186497293128,0.14594158764647236,0
9.302854994542127,-92.60828458404583,10.772721622301697,0.24494686828767195,107.41807380742068,20.929129509983515,19.540461064462576,0.81103726381315,0.18896273618685,0.16300764659354286,0
12.59379438067294,-111.07689387614403,5.107865833134181,0.2437592025864534,304.79504045616153,74.53211110534723,55.84085244587419,0.920705166515977,0.079294833484023,0.1840845127429999,0
22.18888469958231,-82.30763791962872,13.104619073117043,0.456303085270358,116.07500293907466,49.87521767445148,80.98928915496707,0.9023658734930687,0.09763412650693126,0.20878323587060987,0
9.189602436328563,-77.78271333782408,17.948709591317915,0.9686844957723256,240.5924412918774,56.62201546456287,36.54138307014049,0.7866593455418861,0.2133406544581139,0.24711066783136615,1
4.416727755147345,-83.5544158801602,20.535202791796493,0.49959692053046073,156.9287116723819,41.50395490009867,75.86321528638545,0.9037984455569189,0.0962015544430811,0.20607679852317806,0
5.690774233787442,-98.79642427367506,27.254912158267008,0.2974621239021731,364.4997263432012,45.45597814411379,84.79551119213114,0.915308806098607,0.08469119390139301,0.2206886354584333,0
15.145549732883346,-83.26205606332242,21.761799769793477,0.21310932606410032,157.43031566781218,55.11258065137869,40.64292050650923,0.8554457101523253,0.1445542898476747,0.21003415348944024,0
15.154586390163495,-81.39470292038554,51.08718368069966,0.24154747933362306,117.9848086427694,29.444346479529553,54.391839942054574,0.7475876146455468,0.2524123853544532,0.30170924868091914,1
14.411945722874396,-74.41183752200914,17.38410825427316,0.22052139813978824,260.66817132770524,20.312268619748824,47.146148976589416,0.6709163747400183,0.3290836252599817,0.2767357878521358,1
21.07094914464251,-98.76109924227957,22.517356888094234,0.4420835827695471,216.90376159833417,18.175152711731698,74.52569296229643,0.880965148242314,0.11903485175768602,0.19636688530059226,0
1.63582783448531,-92.26454584544139,21.31013585913555,0.3402655128289312,129.63158170688536,45.79026173661959,69.43045794637293,0.7712155246408186,0.22878447535918145,0.27642004004753495,1
16.979669372154117,-82.52727948856545,4.581382680281542,0.0930163627397409,292.06521593238796,8.512246441318032,23.0741830546383,0.9781689886979301,0.02183101130206988,0.05139572335991449,0
22.807191009017867,-89.42589928561843,7.335075813614608,1.1084061893608286,90.68007500402564,42.14000950661115,73.4139214005919,0.7659562176022168,0.23404378239778323,0.266364686840014,1
9.36109617554143,-101.17327602051274,18.995584228181997,0.5991383185919619,167.10072219335,60.18607475725085,32.64155218433325,0.8524315256388655,0.14756847436113452,0.2084750473684007,0
13.100967441050525,-85.85383714973297,24.304735120960085,1.14548633874729,203.98253836633722,17.58340822808014,24.981451556732157,0.9027860342533383,0.09721396574666175,0.14394450701438927,0
11.235540413856896,-84.21338366184833,3.082572018192947,0.1509783678277169,314.1777913724112,21.82632132650653,50.0060485766457,0.8103267345214028,0.1896732654785972,0.18228630762194728,0
10.528269769612356,-89.12037103668997,52.50622381175724,0.6393068489270847,353.6374693610521,40.283576040102034,62.388761431188925,0.7000445999711963,0.2999554000288037,0.3528002116940397,1
13.3686899748848,-87.80415072820055,25.56728634801611,0.032513780399326425,338.2225797862058,12.241302206144963,80.86553048870006,0.8863888100390847,0.11361118996091535,0.19426905449936588,0
22.13742641842252,-92.5870590168573,18.288563231450393,0.6351963652299553,237.7380967630214,34.193542265945695,51.393441091250715,0.852327064723748,0.14767293527625203,0.20059190625861018,0
24.1869333774376,-75.2172106428394,24.82238189804501,0.4800377930116784,55.8153404163875,42.12409178192685,67.49350718134133,0.8743564896635779,0.12564351033642207,0.2207554804254846,0
13.320303874799261,-99.00692183712677,12.572184605048111,0.2386804086299388,281.26824169748465,28.273156994775732,78.6333776676618,0.7303907255279439,0.26960927447205607,0.27643671661593994,1
24.52530107032235,-95.87320762763778,20.681629843148773,0.20703285886918293,367.6458991379691,44.745407374641566,44.6945275883948,0.6654712635770197,0.3345287364229803,0.30652351334909056,1
15.177882384923125,-89.89014486472475,22.870245203596113,0.3742329670978526,348.70323262508543,56.66191035460854,53.858397988578375,0.6568350404084043,0.34316495959159565,0.33730873359493724,1
23.768455133505405,-81.21045972299108,38.58917496054977,0.5741284558488282,287.0359207794976,14.677273352054785,23.54140457102946,0.7751103527764662,0.22488964722353377,0.22553303089534077,0
14.533506751732542,-104.97373170094536,16.344665760922965,0.1720442251936138,154.83977885292379,46.203640270586845,54.2041066514705,0.9615608669822021,0.03843913301779789,0.14778671097516677,0
15.655289130230722,-103.10296749765439,5.959641529184382,0.030946249040984315,207.9754397097268,25.948670772909843,89.44598701855831,0.8405289898338173,0.1594710101661827,0.21235263816705507,0
16.827372363214174,-110.37728507734718,9.597502911669087,0.18035151185754122,404.70515189965397,36.41204423767086,81.67141049726398,0.7318131927913032,0.2681868072086968,0.28178596818579715,1
30.0,-89.6730477474673,15.45494472249949,0.31478988088494303,136.6616372268693,14.887069393251428,32.628263417168455,0.6803265277234758,0.3196734722765242,0.2496660584551069,1
19.256427874223945,-101.18305817206544,6.528890184806619,0.3553393706653648,158.17270174796914,37.810001819427555,89.21723263311205,0.7097550136184292,0.2902449863815708,0.30000870594626716,1
11.463677350242682,-93.84550110017916,8.811860787579667,0.5194243742483026,325.4041240932227,23.29218334003314,37.29962557643708,0.809580363762222,0.19041963623777802,0.18373464377110066,0
19.84498935137929,-83.38621810108292,9.665672761211018,0.7597468177312403,215.50726041555777,35.273366157139954,45.5623506980934,0.8099697073028455,0.19003029269715455,0.20744835515779725,0
13.190837314578292,-96.41542720782847,14.741063768230891,1.3092632359525767,155.45959022363024,27.48460371410692,65.80085070476052,0.8586432866742111,0.14135671332578892,0.20623587475992347,0
12.551249085493954,-87.68717977256635,25.355848490395456,0.3257481658728289,372.23769429784124,36.795801511763095,42.71452412000272,0.5924596937859284,0.40754030621407156,0.3449487484438266,1
19.543006799460557,-92.99337907751722,14.258836128553737,0.5475903057254299,286.8844782516112,55.797491804214204,58.273709250593576,0.7864398047651578,0.21356019523484215,0.25839346568405586,1
15.155427938855764,-83.27885684903563,26.452508185168774,0.09318140979670697,219.45590684982574,51.823032749884426,43.54635111360966,0.4766976153240462,0.5233023846759538,0.4237962718109889,1
16.392879572559032,-85.24871932651992,18.29997719618808,0.09091820935814689,158.33801312803877,47.55416140642882,48.421009759662624,0.679830451531442,0.32016954846855805,0.300427570711662,1
15.069926109326463,-96.9193369617461,9.045265670855466,0.5853467895785153,413.792525108795,30.407282483833974,60.6811113770511,0.7319735151134038,0.2680264848865962,0.2579243269505813,1
16.682915633027175,-91.68651753400452,23.11848966446745,0.23078039550913898,248.0438545002714,29.396018450106975,76.54654498124587,0.683788729346618,0.31621127065338195,0.31684430074250547,1
17.124829487180747,-79.56256602279505,20.855388406735912,0.8904106627655286,361.78624499755955,5.996229050580817,42.556839345870316,0.9084400469115947,0.09155995308840525,0.13909823183283318,0
5.315165336472923,-86.06623129745903,26.89535054606214,0.013245989536121685,321.4906835687552,25.815341277503123,64.62301586174385,0.7069568568935064,0.2930431431064936,0.29208757156227283,1
18.332863343047666,-103.96962057751131,30.430198402022466,0.9711179396872569,208.32787506694126,49.0788862783894,78.10587243496502,0.8668879219754695,0.1331120780245305,0.2557528786267525,1
10.089902900848497,-83.44381938828617,39.33321137183201,0.09078675271109997,208.9647108008175,61.24829995832257,76.13114874526717,0.5711329736105479,0.42886702638945207,0.43316399780264736,1
7.788504322202944,-100.84610622436239,25.89729737300268,0.9446717657537294,365.70519183471356,52.05142377495445,58.81236269155129,0.8176940845974165,0.18230591540258345,0.25942470365496795,1
14.707943780706588,-75.87486930038995,20.407738653320976,0.14934144190117907,367.0013866095982,8.43936665535089,48.29684529478888,0.8001030025757682,0.19989699742423184,0.19878458293246054,0
15.41990501657227,-79.75901160158975,26.973376070702937,0.5570668450057527,99.84672191034124,12.181987847055375,90.61035545660833,0.6090472015936259,0.3909527984063741,0.36384711498328143,1
11.532469177138596,-87.101145240816,13.283858591372057,0.37098584940071483,293.9824208785754,24.355625409004343,40.68735653458289,0.9405048565702819,0.05949514342971807,0.12140095721099742,0
19.155159288339874,-88.42767156563806,12.59201069776556,0.22367297264963865,240.30281562211042,69.85053499736662,71.10447207623743,0.7719038699854687,0.22809613001453133,0.287532624354741,1
8.289124168145465,-92.0903225602742,42.622710984602115,0.25121145075361784,167.3341469649195,8.304378742971263,62.825925077335484,0.7629251153652813,0.2370748846347187,0.2679676713538414,1
12.965281256137205,-83.21476048599972,12.328604312076978,0.5007158961281853,270.9396875773758,41.32803501448257,37.02756606506136,0.8006067756011152,0.19939322439888485,0.2115219399283279,0
12.075629325334997,-93.70778169462062,9.855007944686681,1.1102285089865769,142.03225672108846,29.90303197242762,42.55939154784877,0.819913908605156,0.180086091394844,0.19739457079433637,0
14.767063648303303,-87.64430129360106,25.88850317391944,0.7739671693679198,212.683571628312,35.80483675239513,18.970435470290127,0.6079731837337545,0.39202681626624547,0.31696244762367864,1
16.394321423236192,-81.28065633480549,13.364058988635076,0.23958205657658815,186.1221013784026,39.26897584896321,87.36898116012509,0.6498339775377086,0.35016602246229145,0.34167117841206707,1
9.960535251882277,-95.6180654352559,30.238183750104426,0.3984806934500679,210.01669886752012,12.6592457047181,79.02829533957109,0.8647270462881232,0.13527295371187675,0.21542974814547872,0
18.62141338728114,-96.16192739990694,37.57774443989921,0.12018602844596403,244.28172050704072,18.33871688767336,16.801628476462117,0.7704191896573696,0.22958081034263045,0.21897826799689069,0
15.315011841673499,-101.94365480724458,10.907013411429855,0.19443769915573672,168.7546670475611,38.38495963332931,72.87472155404043,0.9931201703857347,0.006879829614265254,0.1333484845839178,0
5.540268733440447,-100.64472746126172,27.875529073026357,0.24479583670425625,375.85432230986385,30.210663247062975,83.97227007502642,0.9732813558940947,0.026718644105905298,0.1731394395569194,0
5.207042798014845,-108.28395311441503,12.11735228763377,0.20905346642545086,289.46265867153,46.845525334682726,32.69357317449288,0.8059157611989363,0.19408423880106374,0.20655199294546583,0
14.938403535353444,-82.7017121098447,15.683318349224198,0.21413890732583846,393.5650422705644,25.958561778596994,84.35789981614047,0.8571510708202659,0.14284892917973413,0.2145497392406859,0
13.89516341106823,-71.9108545791723,22.441606582515107,0.44436359424467164,237.19360247375843,69.01998053812164,45.74713602512601,0.9551433464806919,0.04485665351930812,0.17754432181508648,0
14.482899432126832,-75.74671056529695,12.611850961331774,0.42686423346689567,206.09680301623126,30.250605727418318,73.531453386378,0.8727876248040365,0.1272123751959635,0.1969352842482429,0
14.860087717348911,-106.26084488626516,21.152437610072617,0.4782066752092602,390.6732491594422,51.130863476505084,88.42142901109085,0.811170119177585,0.18882988082241503,0.2799194501071257,1
16.127799197550903,-82.751453284438,16.578603339423772,1.017988089916424,203.7552208100812,15.993979610867962,77.7945405055511,0.7296841521334999,0.2703158478665001,0.277510022351294,1
19.7382480492415,-75.77893650076443,30.66163833492988,1.3742189139114482,235.73663824087004,20.37751873393724,75.38981940223191,0.908028299905673,0.09197170009432698,0.2060864198295583,0
9.44447549541221,-94.56809980738664,30.7106933208841,1.0492332843485717,307.60379283978517,44.22179246654376,83.42112232046132,0.4963116784158346,0.5036883215841654,0.461229864483108,1
9.140142035496027,-88.98552569349951,12.656275242531999,0.5151904417218629,150.98193533621773,28.227137089931055,59.635691175336525,0.8198688236045286,0.18013117639547138,0.21107129256379348,0
9.533380710563087,-110.07893050804671,22.76954726437932,0.28832022449305456,306.903574783492,34.651412327067995,73.92208790607106,0.9713578010029078,0.028642198997092194,0.1613642328230393,0
16.444583335843536,-87.33263832023358,33.60641487126347,1.197363396224965,296.6677652931682,87.77948700861123,70.28730629623611,0.7469079938363347,0.25309200616366534,0.3596506529640081,1
21.224736893232226,-100.63559729434718,8.700558216903508,0.49647858350643165,351.5460254430266,40.73274216864103,13.23269627520052,0.9608020833705471,0.039197916629452934,0.09353991575046025,0
12.843302808802449,-88.00364982088486,16.508726983204593,0.6287918450828993,321.20356024081127,29.3124546572032,63.27223080205897,0.951646248998613,0.048353751001386946,0.15023025743566087,0
2.4915007792017274,-105.6120292218888,22.136328112280783,1.0466702758090625,353.99826823020567,48.51380681668939,58.83934025996326,0.7629197967197928,0.23708020328020718,0.28141845380727837,1
6.480035686948122,-84.57141775522405,8.414974889233598,0.21980408768315413,241.1662479593272,41.51812966780407,37.97029565797313,0.8225161438993316,0.1774838561006684,0.19192504939182675,0
10.834816386019941,-79.75487324573311,13.736659755552395,0.06194944618408976,180.98637450343517,44.3907211508285,21.076786680332763,0.6396408370863035,0.3603591629136965,0.2848895315288638,1
12.211355562523927,-97.83179861715168,47.90680767381129,0.5327400942493725,418.79883312666897,25.623132769536657,53.609757491256424,0.8227169937211781,0.17728300627882188,0.2539261561673558,1
12.958056863726368,-101.36922581410434,12.30231737897129,0.569113289125641,127.86435075824265,22.86377108802924,56.8609527105333,0.9592599811278191,0.04074001887218093,0.1262763431379754,0
15.192905614904586,-111.56023042549981,13.28391699257347,0.3721584201545874,135.8789536900954,10.818574523732583,63.03970117343793,0.8844677201058647,0.11553227989413528,0.161048489329351,0
13.441268345887764,-92.66413534075177,25.708503699330407,1.0674501446511862,295.2102432407065,19.253766656811404,70.24280498929394,0.780209337623842,0.21979066237615796,0.2596186929484997,1
20.246698052717036,-95.81593934281605,7.638730493464568,0.2906198141437954,379.99888385418797,34.176079732880716,90.25288870662187,0.8238784675903353,0.17612153240966466,0.23566010514645297,1
11.619913471593156,-105.51019412348055,16.75227980231686,1.1808641965887638,265.1640676731332,47.35543905409743,54.61846321096421,0.6377318951517477,0.36226810484825234,0.3381584216009633,1
10.688410202622284,-85.46981243687829,9.926802407776528,0.3218517349880773,329.9442959761765,60.65404590410775,39.159973862163035,0.871304189080318,0.12869581091968196,0.18870543673364143,0
17.39437769260231,-94.4997038186465,21.126426006831462,0.09745546731210879,90.33578180224333,2.463256479252296,97.02501549416124,0.8594645050298705,0.14053549497012952,0.20944698789035307,0
7.3217896503694035,-100.75735958645232,2.0,0.06250888932030932,210.03640302550903,6.108382385653637,21.75431496365007,0.887714394544391,0.11228560545560895,0.09324486924309172,0
16.94845852660001,-95.54572405640447,19.27510819863301,0.8380359325810239,100.08417542853925,7.088661046224806,57.08109234701166,0.6971994690555782,0.30280053094442183,0.2680030670364282,1
15.512765918631334,-79.28695461070384,22.53047483915559,0.40055567861016267,312.4328766582928,53.69124685458326,33.0712576347437,0.6910069626135765,0.3089930373864235,0.2945099440966949,1
14.262787550409163,-83.97063056244778,13.98545454384435,0.25611910141562827,126.22149387287884,43.46373763331538,81.01927327324647,0.6929789238033972,0.3070210761966028,0.31688397564461623,1
22.941380535746312,-91.3002606149849,14.600130218883464,0.5774425961775336,147.77449231738822,30.605941625162536,67.0467487990424,0.7156382510926943,0.2843617489073057,0.2817262736133236,1
11.88896277352641,-83.80894981535147,12.805948006219548,0.27833297798527107,291.1220163969122,23.297461289157113,33.93012811382036,0.49534637477723076,0.5046536252227692,0.35677933506468257,1
25.30149085262039,-101.6091195638674,16.604210674727923,0.5191668381165863,334.94594816141836,39.676112647594,68.02928977201519,0.7569117320256505,0.24308826797434946,0.2715019341987591,1
13.872842753859503,-89.6762989927297,42.9647588871319,0.40267121059389227,237.28255134166267,20.648842331952594,59.23905037508167,0.7375172724077745,0.26248272759222546,0.29272724331939504,1
8.614917775148859,-88.5267766951353,31.252857144082487,0.23875353331657312,295.6138003286808,9.4535564948296,77.7650119376382,0.9559337893131175,0.044066210686882545,0.16072180535954267,0
15.349597904974127,-94.69836508498727,16.593370224230384,0.6170491699244331,293.0230533498474,68.0415160046208,88.19835445324688,0.6287295586403634,0.3712704413596366,0.39149916024125775,1
9.618773998406159,-85.64541664042582,13.740067222505541,0.8510112045604262,232.76585124460223,32.26741695059472,70.54823924604601,0.8052153544879274,0.19478464551207264,0.23906742410764326,1
11.2412207609325,-97.80433454644451,29.464003468047814,0.7476712834091246,162.4235613691001,16.15516534192366,47.27050143839026,0.9179531746333081,0.08204682536669194,0.16022413876815747,0
16.985166500077455,-84.90179292223883,20.25428195817292,0.038592739930897076,295.1913125507714,25.16797077621421,89.61048341440102,0.737127199661468,0.262872800338532,0.2901258447133762,1
17.777910443250626,-84.48141228468708,8.254284570764797,0.3935837847449395,299.04765526200663,49.264979867464774,73.3115382658364,0.6456894911480181,0.3543105088519819,0.33376456270548777,1
11.88916149872871,-119.17159880697066,15.322507678703733,0.24433587386834954,321.5219522472207,43.83919657826183,58.512478282390155,0.9052365989087406,0.09476340109125936,0.17989866571758373,0
19.937025725232004,-78.09694296489883,40.236936475761624,0.8822937972660136,274.9653139263118,17.80738697715276,73.7639085844724,0.9002623158306389,0.09973768416936113,0.21560536454107637,0
20.78753879010567,-120.0,25.07177076630667,0.9567790552291456,156.52000692165387,20.120014882349015,56.066384535121664,0.6695958402529069,0.33040415974709314,0.30508413398012335,1
22.181508782816454,-96.16049025556126,13.8450331168378,1.2658274133148777,305.2272129095344,59.56535042838315,60.50099304592897,0.5912918600039145,0.40870813999608546,0.3782816442805646,1
17.64706703562861,-79.74651965742245,5.6170528889553255,0.26304283813609003,249.8895135817327,38.56612830142675,39.71237160782176,0.6894364300923199,0.3105635699076801,0.26014447107326644,1
21.817143560428494,-93.17286725252441,21.05824151577023,0.23222277510000403,211.38100445413255,42.56016795016292,44.627878681479125,0.7711059291525,0.22889407084750002,0.24698937562242249,1
5.596007860129712,-104.66185982469543,18.365881170176372,0.8194609119131357,226.42913302450302,19.167083407322814,35.8428152609784,0.8734856582343672,0.1265143417656328,0.16033621751379518,0
13.410467256857688,-100.9373706171667,16.24997909423382,0.053500591813915345,194.77942572876964,7.790452774315308,63.27554497661748,0.6730839448510562,0.32691605514894384,0.27577980264234175,1
10.664973718382868,-79.7309425367938,29.667858938712467,0.18280600713089704,321.1075023083543,25.111197496397804,58.006346738430715,0.9813617168976712,0.018638283102328845,0.13969844842048706,0
15.59612930563696,-109.21504530548638,25.267341475504637,0.580470695084772,136.55082131359836,32.86308298877107,48.27410999847967,0.8315108833320551,0.16848911666794486,0.2175119263187251,0
12.142753904016313,-78.71008899037983,5.779320178913261,0.8148476479645652,170.52112521548653,45.15728112829232,60.099800872196575,0.7085139193677747,0.29148608063222525,0.2823918830962283,1
14.169210790251338,-90.5510209904229,18.433612740220163,0.3245815400031794,223.6981692262644,29.908494095354698,91.72377076918059,0.75260576262353,0.24739423737647004,0.28859532993195586,1
24.410874401020248,-101.92395330442433,7.0172405106621305,0.3166492108467621,379.10006785912,3.618357108654926,58.485771158858604,0.7823173096904331,0.21768269030956688,0.19552196081223613,0
14.151401017898108,-95.83115072302691,12.957408325249268,0.12105820272040255,334.3424439274279,40.38466946675802,73.86765779055509,0.7634098243379832,0.2365901756620168,0.2650236183865003,1
17.06896158595107,-100.17224341101641,6.603489986149083,0.2305381826253593,118.73273574022195,34.938417489255144,88.84427172024101,0.4970571144241804,0.5029428855758196,0.4126118930816741,1
13.838653350378824,-81.33774799141472,6.796622365029199,1.113882959845625,358.1077671001989,13.681989636212943,87.30967897793187,0.7412597621010137,0.25874023789898626,0.26463256260458734,1
15.37856643978417,-82.67572190237162,22.727322988541026,0.6438255733551106,357.9536173586947,37.65269770323775,86.0042374196607,0.6736418067918654,0.32635819320813464,0.3436831816037351,1
15.030083402180358,-107.19161133876047,21.31414617203599,0.9259275406720329,156.07933391818855,74.74144057930701,47.15703856973214,0.8496634246943898,0.15033657530561018,0.24581409023189907,1
17.241620329865796,-94.03592118519335,17.54066349598513,0.11723992432842022,48.283338352284375,56.97129716607252,60.41905580653656,0.7107492080524289,0.2892507919475711,0.3039616830310351,1
20.826537677735885,-98.63185662344277,12.178546623400685,0.16017882872139266,244.2222702122206,61.02546573951698,72.47292899655652,0.7354080554847995,0.2645919445152005,0.29889357244174874,1
23.236969988016646,-77.0649003154063,6.215048542847234,0.22503218448269563,339.79395274398576,17.709427930041464,17.84791947134613,0.6705929419840415,0.3294070580159585,0.22830412396926256,0
16.548100409545835,-103.50099118126421,12.999875159447766,0.5566815196926488,377.30095758401615,41.14878957340426,64.37376083929203,0.6441393740765373,0.3558606259234627,0.32631252260669885,1
17.94773443017801,-73.95770895314986,21.375173914719444,0.2749861429238654,180.33381885109998,4.7514950820309005,88.31592073762454,0.8971273687432632,0.10287263125673685,0.18445998531217855,0
9.245677454072165,-90.33294739516937,21.062933706997104,0.09821971839780014,390.1583283730372,27.023867903812466,80.82855593964919,0.6835756059031578,0.3164243940968422,0.3144624383411985,1
14.560616287921897,-101.61934406380088,39.73358587344367,0.39327067136882454,71.7654083346639,31.995573660182497,39.538854911497054,0.6755185695558671,0.3244814304441329,0.3135323008398064,1
19.701447324417945,-96.77274184009278,36.33783260605111,0.6554565057658935,220.55595089365698,39.5443292125752,48.373500025356215,0.9071640927972274,0.09283590720277257,0.20003889216619192,0
19.329843192085768,-98.01618840768451,18.002900561983775,0.12523727774828855,216.62314646274024,44.71274466124797,47.747728457280544,0.8182373872678161,0.18176261273218386,0.22068663374168818,0
16.05804866397525,-102.74618402015506,12.904792095031656,0.4771336389438209,342.18696199394424,39.77127291329304,67.88295484644917,0.8323009075349901,0.1676990924650099,0.22401725314748333,0
19.431969797839763,-89.05173140269625,10.113864088254438,0.3950771622920375,353.8641972751824,18.978114020962973,71.06725548880958,0.8679545215775085,0.13204547842249148,0.1817919503974449,0
17.453833544969093,-102.27915550691843,5.447783217503618,1.0184933188694312,326.33789243467163,24.352368045331758,19.032854044443138,0.4653407691011753,0.5346592308988247,0.3558044070990782,1
21.001531291296608,-111.8036620873819,7.632508246773925,0.1084519371129347,141.95599610032843,29.30926065265943,30.520941216731934,0.9480250631075519,0.05197493689244814,0.10094969890152808,0
16.446795784785557,-93.79676470848173,21.39538443268297,0.33135621993457487,319.00952254391376,32.29382577751356,27.53926221058325,0.9334596566861292,0.06654034331387082,0.13183691565909597,0
13.221508422144826,-108.02856196417883,26.364076966957292,0.6520584514509918,290.72335748747935,84.32278154488509,53.48365083033805,0.9073678714424271,0.09263212855757286,0.23482080304683406,0
16.679206284665117,-97.5216086806752,14.752334601776726,0.05987071116322018,116.30124917763274,52.42642758235158,71.52002038799327,0.7804153285086355,0.2195846714913645,0.26744522630489265,1
0.34702812073612144,-99.09102888603356,65.04590523350308,0.11554767431778651,84.63889369586502,19.81583244615551,18.50956191454518,0.7458870031554696,0.25411299684453037,0.2768118772186249,1
16.914428681925248,-98.71216072025814,7.690631046534046,0.1279175090117208,333.0391432016621,44.07705131780394,59.868631850031086,0.9005286289381849,0.09947137106181514,0.17147005891175163,0
-3.2420641260739167,-69.99036898409847,5.007611519082168,0.06372890116117301,235.59205592166043,4.7268171440113464,47.11028828887452,0.8424495902935404,0.15755040970645962,0.14663853706167362,0
6.382682962972909,-89.4358843283043,64.36948272833945,0.4918590394913266,147.18543260360997,28.835818892718052,58.58655245405882,0.7630448691651669,0.2369551308348331,0.3192205077933575,1
17.25884300470492,-87.54628991004668,5.970416361658265,0.12322234489840331,233.3462457032985,15.539269027783623,59.89426734539677,0.8987376890439867,0.10126231095601335,0.14131565539045915,0
17.387646686333976,-107.76398296342295,14.614763013569146,0.09590288367158022,279.1232864890562,32.54722225788787,61.37866844124342,0.7584308220849757,0.2415691779150243,0.24967011190946417,1
9.187856099300348,-96.53963133636923,10.739430562127946,0.6237843378529713,243.37190986659624,34.9288049866723,15.18895947939362,0.7716406628368236,0.22835933716317636,0.19806238912753454,0
11.439489790605306,-87.84697370058488,22.415619791017075,0.38853662209705764,125.84110774991309,42.62150674231887,77.74046559853755,0.9610387067726758,0.03896129322732422,0.17929947952338093,0
21.85270494307066,-100.24528912913007,13.870881540981712,0.17438370310208634,400.84455228512877,41.24148470899212,94.51877598860236,0.8432480361250823,0.15675196387491774,0.24452400017129267,1
12.579849342136619,-80.91937156482015,26.415613966339063,0.7329131118088337,330.33743751903137,3.0086240218914533,27.518687310449597,0.6769655519267871,0.3230344480732129,0.25514880984020505,1
26.214601562014927,-102.0269658590103,30.03994748780104,0.9876980752913453,223.1698038661226,8.714914750484722,93.37680187731645,0.6562488213123837,0.3437511786876163,0.3460917668906051,1
14.99040073411827,-92.86366135865175,5.403026116351207,0.008296230989254088,226.392427527817,25.30493266120742,24.886171669591427,0.9130900975132197,0.08690990248678032,0.10617905218294738,0
17.040180884406332,-95.86051639975558,9.87175466567368,0.7556129725297989,278.7589915770541,35.9697122334782,70.89332685852784,0.684729962864086,0.31527003713591395,0.3026253212405672,1
23.08437199249304,-88.35679340618084,27.83473533081152,0.4955393145970479,159.63028834077346,24.343083544088408,84.87655772395163,0.9221943883937137,0.0778056116062863,0.19872022379368526,0
15.655135580967098,-96.40490071855426,33.7661808784194,0.049032410263813664,275.8141149229575,30.313716059747613,16.08777833029909,0.7625722691543011,0.2374277308456989,0.22812634177544835,0
9.988280096545994,-92.70893627070937,19.90824512581029,0.32094135811027513,143.54140505113875,25.195286495252766,81.29823634506039,0.5215754494969033,0.47842455050309673,0.40269880688683457,1
14.45136274152855,-92.36130091777986,23.473938676643602,0.1297471437025791,244.3572626523867,30.02833198857721,86.64279041669238,0.8503667902974162,0.14963320970258376,0.23547776719368185,0
14.821946319049545,-97.343877573913,41.26447110783781,0.41758794821838474,156.5142800114513,28.78790823788881,55.21013463629853,0.8154165631640744,0.1845834368359256,0.251591519277887,1
8.176291738992173,-85.14906131502887,13.990836349062105,0.37131678092584663,160.55328141386283,1.6775119596913426,67.33372199326284,0.7836005363550866,0.21639946364491336,0.21273036129050815,0
13.720839643295884,-87.61611625162574,19.76757938804434,0.19148793321023333,381.6578090894568,60.752737158082994,49.49015227704287,0.9068804959018695,0.09311950409813052,0.19302486510326652,0
11.289039530012817,-90.88613945253168,36.36228944734471,0.5084112686238336,254.73807154276432,18.173919510100454,69.11438989147447,0.4961018218412571,0.5038981781587428,0.4240598542461389,1
19.62178878593717,-94.30458333461958,37.74701600489961,0.5717313888036301,266.5925188320934,20.393069726281936,87.42582731858572,0.8684153463099943,0.13158465369000572,0.24252829446975652,1
15.173059370926278,-82.03455969480002,16.68849795207883,0.08209463471127276,89.08961111349416,60.56069297873458,63.100267433397676,0.883553312657453,0.11644668734254704,0.2135603317257641,0
13.58602125426215,-92.35834243814182,10.104524838440215,0.6785878354383988,202.23985931831618,13.070766485651792,38.32357285144973,0.8295800109260624,0.17041998907393763,0.16706799893981153,0
14.46909034688712,-93.06697287825938,16.565495522299,0.239190203983171,286.89696949634777,12.04859362130595,96.25062391416638,0.811165512116006,0.18883448788399404,0.23939833119494927,1
16.11561009203083,-88.95309970111875,17.640855842623733,0.5070961228821054,265.5309012758004,40.85448584432525,58.581454950784305,0.7438290824427318,0.2561709175572682,0.27186219044436366,1
18.0840709984489,-73.0341331702915,9.836785253885184,0.7997398053945114,77.67761429170355,18.899723213354974,72.74652027592904,0.6408918302140709,0.3591081697859291,0.3119083128063179,1
10.001438856653094,-103.40356208021204,10.931852198592415,0.8731000504989016,266.5710333325665,31.68198017602665,37.50863914818747,0.6395528919171724,0.36044710808282765,0.292565307572647,1
9.792061836893641,-82.30143106944645,37.77887786998964,0.4066731503179789,279.32470428397517,27.366575409407183,66.17747316192037,0.9302006491949927,0.06979935080500732,0.19266873982224583,0
20.52339607701265,-108.93171161238105,24.161807607596387,0.23289652284310158,352.700959855896,51.12407124069781,56.65224570394813,0.7574845274018502,0.24251547259814976,0.2797315035134539,1
12.938315638976347,-87.82726841771375,14.663557807734389,1.368917681388907,197.58151048493258,11.275087703332058,70.55799360714242,0.6941067109277361,0.3058932890722639,0.28575890382571023,1
7.9157895370156295,-74.2491717239127,8.059911334363196,0.06001186526535625,70.63450238914635,46.440552525576265,55.364538356926275,0.5204099822880639,0.4795900177119361,0.3782695862782658,1
17.219063546915525,-85.11331475532693,11.026441329907644,0.12549281099866197,170.25833985558756,36.36328558998131,30.96879517189438,0.702500874792298,0.29749912520770205,0.2487511897309599,1
17.316849030163436,-88.29374921460207,4.6704510231068435,0.05427005462767537,162.23479689051544,20.16495321084748,66.37046463753404,0.6756653020094511,0.3243346979905489,0.27246787882412044,1
7.346423713716468,-95.60449468803075,20.24521522569788,0.16817812807218904,308.93671022239795,1.602077139183411,64.35693263267258,0.7245205171573839,0.27547948284261614,0.24952232945456357,1
16.147408577318032,-89.68952799511446,10.59423789653673,0.6339149786397695,32.66107292837458,11.951022318308613,62.03797671756094,0.903996639586233,0.096003360413767,0.14902135389464422,0
18.67791546214187,-92.52062815403356,21.2826635870069,0.5853159217740369,214.13148319419022,3.6982278593448292,48.929484968946554,0.5860229158862892,0.4139770841137108,0.31809226368908305,1
16.871932258531317,-97.85976607931356,27.658798823291743,0.31585760620524583,364.06363788618035,44.83574033622403,63.38218828823782,0.9723709453124458,0.027629054687554166,0.1680606829996067,0
18.159907418806977,-92.8987561547487,21.48174836815918,1.1279249765685908,250.57699702669078,37.98012651295664,82.4583619741011,0.8019804114386837,0.1980195885613163,0.27285113451370635,1
7.978654509546255,-88.0161883937356,13.454847266991889,0.04217642818319301,321.7053452941139,70.99946019491524,85.79160804717759,0.8960736525644701,0.10392634743552986,0.23455459451395405,0
16.65520077498098,-97.6721706853064,9.469745319436853,0.419767039166821,118.656133315913,32.61080665369042,56.542992940117884,0.8172844998238373,0.18271550017616267,0.20804961306152128,0
13.486901202647767,-98.06281820684684,7.180811151876034,0.13480171847071376,121.84083894349419,11.692288669517232,49.213450598289285,0.9207680441565085,0.07923195584349152,0.11660254889424804,0
12.586049206376776,-103.60243437592175,35.5878016349417,0.4808304550097378,364.9793966276187,36.95103585995456,52.44199500551148,0.8882243008851278,0.11177569911487217,0.20905967238115566,0
19.35277804709863,-86.09274973911104,20.8898705090575,0.49476607104294906,258.09722926058026,33.763939756338296,46.52537205106827,0.7164461235874767,0.2835538764125233,0.2725264103083101,1
22.39637255337115,-84.5467673803294,13.984900292603138,0.3748860368349648,258.2619489767315,40.16072858342917,73.50526600673264,0.7873430358022103,0.21265696419778968,0.2553535357062005,1
23.971850273001795,-87.68339555763482,25.431033088316592,0.5451993979938257,160.54777375144027,29.93653182598002,77.31919730344757,0.9627749301297254,0.03722506987027463,0.17132806117049176,0
21.574039357529525,-80.34829507271334,32.18395954035906,0.15077800842808134,258.0625383160185,50.03018407928308,35.265673952284345,0.8281611745153716,0.17183882548462837,0.22959093144293247,0
14.451329091849082,-89.12132362919273,10.753921217518736,0.3798767276643608,158.3249945327923,20.545577432428228,67.3993583101819,0.8276944790401616,0.17230552095983842,0.20264262137344297,0
16.763600815131717,-86.07989062634243,20.48922336171396,0.1874212963662755,344.949635912452,36.614951037887664,49.27957783027143,0.8029026432342924,0.1970973567657076,0.22690612309553196,0
18.83411435892122,-86.96162574362437,20.755199409116777,0.1498061056488145,468.2264567894537,22.1298315340586,66.75176019707708,0.6204758308187774,0.37952416918122256,0.3302507449509714,1
15.60588974649731,-90.91540019418208,40.20986225210199,0.5088195156971572,288.7152842932263,27.161471388117953,71.56898169334255,0.7843517414863471,0.21564825851365288,0.28273998379909415,1
15.653820939557722,-95.30821828129648,13.851579440240206,0.32970006082598474,199.2042891630765,23.244790010094857,57.561160448853684,0.969015252240801,0.030984747759199016,0.12192193149512816,0
19.118765659380912,-67.85847384208088,9.219357511457378,0.03486465397777278,47.30733356042734,34.16130220797455,91.50843736572303,0.7849583962556087,0.2150416037443913,0.2581203044400766,1
