SINR,RSRP,Latency,Packet_Loss,Throughput,Interference,Resource_Load,Trust_Score,Risk_Score,Label
1.0222205289902868,-0.3096573726612423,0.54444631454271,-0.527923390127425,-2.232381754458273,0.5049470793173081,0.4561015389006689,-0.4034195062703012,0.40341950627030115,1
-0.2823533002760822,0.6109954367359921,-0.21032630279189463,-0.2312426158366067,-0.8578929259442027,0.1987041608309356,-2.7430142419948185,0.9303043973812127,-0.9303043973812132,0
-0.5290570214726977,0.8061613465525743,-1.031002280336351,-0.6248185375044197,-0.8045514777958677,0.45701031491673605,1.0580649212365,-1.3091793501209192,1.3091793501209186,1
-0.138629279140975,1.0672962290779335,-0.3026246059548031,0.30349614829388055,0.43031175448708464,0.4172128311100616,-0.12694249523101292,1.1783027271239237,-1.178302727123924,0
-0.6184936403717768,-1.3227787221168534,0.22845836980079645,0.7720551226609161,-0.5329168874334209,1.0686142917121602,0.898122813058825,0.025150825507212125,-0.02515082550721235,1
-0.8808599288203803,0.24925158961481053,1.7781400157812695,2.4145619029993277,-0.20309290023992563,-0.4695116790517961,0.4387888537769939,-0.5419016941717487,0.5419016941717486,1
0.4626658379780665,-1.799725794420886,0.4444244653204435,-0.6876771088305434,0.2045406775624619,0.4908797681437826,-2.464397306416858,-1.8043747663964207,1.80437476639642,1
0.890114352330993,0.454606641214133,0.030689029520613254,0.04592184280674452,0.07272839495951437,0.06087320034610565,-0.7504282578856564,-0.6486188856897595,0.6486188856897593,1
-0.22754984938290815,-0.8980309784763186,-1.2416496329665934,0.10530717923664039,0.8361260677051896,-0.15908991188510987,-0.8320392971176318,-1.7330887621875577,1.733088762187557,1
-1.0159433979153047,-1.241012367356587,1.0449832898421454,0.7475926255551045,0.29128148153395617,0.13937778900727296,0.3722645961367654,-0.4205178031916294,0.4205178031916289,1
0.24777923171001237,1.1831729296975055,1.2261849296941902,-0.9043873609205211,-1.5611271701859943,1.1018563426968926,0.3124988660944179,-0.19535945973878802,0.19535945973878732,1
-0.687326190268415,1.3707436144509655,0.5897938993634462,-1.0588997951908583,-0.7057459834673009,1.5974817368294358,-0.48657305129279355,0.14460815315571515,-0.14460815315571535,1
-0.4485678632838364,-0.06720806098397246,-0.3131472892860259,0.7695076593271228,-0.3620886668603994,-1.3650774759792912,1.510505204338134,-0.0204246781016247,0.02042467810162447,1
0.13550213070387018,-0.01831815260587865,1.5378799424638732,0.0846607791824643,0.4577354478722096,-0.3067746922635606,0.5053428989447972,-0.08917112465514757,0.08917112465514687,1
-0.2408034935197675,-2.0998552046312726,0.09071061071736274,-1.2358231694866753,-0.7484940651529965,0.957230814410253,0.0692396952997807,0.43371563733561486,-0.433715637335615,0
-0.05614315003807363,1.0237794741327142,0.543078871094604,0.21204563615897848,0.09625648801216714,-0.7984826871263346,0.044923653485821925,1.0869099308095385,-1.086909930809538,0
-0.7131205412819651,1.5786474930947125,2.5884330923979313,1.0771179232200212,0.38016258991523566,-0.05507146364554276,-1.7168865515802993,0.6320274392413866,-0.6320274392413869,0
0.6575720630884561,-0.9393056866219587,-0.5138195515653631,2.2462245571209563,0.10332363316940939,0.8497399356218907,0.424537464906057,0.248496377878513,-0.24849637787851322,1
-0.07501285226396266,-1.0679817130817495,1.5007246765864033,-0.2338546765554889,-2.2703030341123975,-0.03759543779888896,-1.1007558199222922,-0.9858049562400135,0.9858049562400134,1
0.46840202799241687,0.31206776304890727,-1.133207208951085,-0.9782547289920747,-0.23850310638566075,-0.9539384448120242,-0.08006670261827759,0.8532098481569484,-0.8532098481569487,0
-0.5680953908875422,1.182201457999738,-0.30249094825329687,-1.1045471895357974,2.171878571589636,0.17512159687812884,1.1915984591966162,-0.5461986134148262,0.5461986134148258,1
-0.7353046221267187,-1.033712041965708,1.4775535051862099,0.2501506593682821,0.8961968439067962,-0.6723211122708574,1.0850740827262726,-1.6370866113936569,1.6370866113936564,1
-0.08047263267103964,-1.3969238780733821,-0.32389141673248695,-0.8436750753174272,-1.2256834940498484,0.7535580302760981,-0.36539057482482684,1.3707853791086853,-1.3707853791086866,0
-2.3364391943943383,2.257996555269815,3.5817394021400424,0.20364969104917605,0.26060126640373693,-0.3966395502861724,0.1591548935819887,-1.6239876659554051,1.623987665955405,1
0.9284258604200261,-0.22209152248182798,-0.48661112746872376,0.19153416183686564,0.43471395817322533,1.2877763107188172,-0.16132695792854818,-0.07196839000116126,0.0719683900011608,1
0.571464850114142,0.047622163607622656,-1.075530048874575,-0.46393953219617684,-0.8187900820280059,-1.1311250152486514,0.011541042514126076,0.6163562047698015,-0.6163562047698016,0
-1.5583842495625535,0.13804683183419075,0.0198044822920686,-1.0039355723333265,0.3775342971170609,0.9216893329780138,0.25568063639290195,-1.3890065649911476,1.389006564991147,1
-0.10598931212876583,0.4305660146239543,3.667632401437917,-0.08572611646355256,-1.1053516149576552,-0.30446534778597023,-1.443068431788933,-0.07347467201149438,0.07347467201149414,1
1.8236288282929036,-0.4943724453601254,-0.44843168364947444,-0.9308317080265117,-0.5118533261348415,-0.6169232146068034,-0.8152524351106764,0.5792819965194341,-0.5792819965194344,0
-1.1666803346490815,0.17093161965868806,-0.6116300838417165,0.1022225161087621,-1.2741939876583313,-0.2474348018395811,-0.09303258496685157,0.20344018917003187,-0.20344018917003254,0
1.2129410664245015,0.4281032075549413,1.9623419688996995,-0.4423124185379916,0.7377964593170829,1.2007184133319944,-0.21309894496587306,-1.7253979702460196,1.725397970246019,1
-0.40478089073188517,0.7481878196790012,-0.6613765580321149,-0.06736829938772168,0.32272721754873435,0.8331997761324522,0.33240527102423023,0.17429017812290598,-0.1742901781229064,1
-0.2441413846971566,0.30522036481797,-0.05686312897743102,-0.7900776416420936,1.626442197007912,1.5637012239652779,-0.6017641656361306,0.9202952411794257,-0.920295241179425,0
0.4132843894092397,0.5713957413811559,-0.018894495203660412,-1.2115399457490077,0.5391683328597864,-0.41777958588943387,1.4100047192986922,-0.4782356086741273,0.47823560867412723,1
-0.7168141942474261,-0.2847762408333642,-0.9177138426846371,-0.12517173934572967,-0.7201861315031604,-0.06948099960485135,1.1265425013399155,-0.04668579257799135,0.04668579257799089,1
0.3488746674310632,1.8221902702430341,-0.7565916938019729,1.01521987406729,-1.2043185004428236,-0.46485807669002205,-0.7792409890271532,-1.4215494940207154,1.4215494940207154,1
-1.4538566337675962,0.17897312409100305,-0.8554405461683671,1.3268286805691771,-0.9885496288396803,1.4452682606187641,-1.954825940205461,-1.0889944717324145,1.0889944717324143,1
-1.3607969335997385,0.5471477983117019,-0.507518322341931,-0.2943715381503702,-1.1538389964012934,-1.7258082198314748,0.29297267560172546,-0.09536000919467516,0.09536000919467469,0
0.4883100466818333,0.02284996016438868,-0.8988401102830451,-0.19241870965506558,0.588705986191689,1.522556744242038,0.9569455553762592,-0.7522043239005939,0.7522043239005933,1
-0.3376832628701134,-0.9797523857824563,-0.004948204763065125,0.03681055251367756,-0.9028795405375029,-0.8495218927730628,-1.4731884982813652,0.6987670268051922,-0.6987670268051922,0
2.4127229915220703,1.0408354746201518,-0.2975090791612017,-0.723408520227477,0.20474675115061258,-0.48351836751036914,-0.6686748471529477,1.2023542131413079,-1.202354213141307,0
0.25681018757714547,-1.6711219430535567,-0.8885638625648201,1.4812805180041213,-0.6049785323858533,0.20921797667727718,-1.880270732819046,1.3922845681284823,-1.3922845681284823,0
0.11674726720257832,1.1220050537403423,0.158675830495796,-0.21377323467679982,0.7559725608737579,1.1704934289440585,-1.4250629877050145,-0.8582021586178199,0.8582021586178198,1
1.0801003686097788,-0.07375564871018672,1.483947251380143,-0.5958091694342095,-0.782953105137601,0.8171366328950211,-0.7298790903700693,0.9106419324721002,-0.9106419324721016,0
0.7087862681467149,0.29384274379240116,-0.030070922891572812,-0.009361672620165469,-0.22703118948059137,0.5046180491468224,0.13686226373082325,-0.7536393979742012,0.7536393979742011,1
-1.0784850245591517,0.838851613198595,0.8900082593202997,-0.5101834206646557,0.22040157956297235,-0.5611819792258054,1.4089512806409263,0.7218941733640765,-0.721894173364077,0
-0.6453758560162621,-1.1517111228528285,1.0952965795997605,-1.2132100654608482,0.7033181234264627,0.5152722706072875,-1.8433403759312312,-2.1497405981208146,2.1497405981208146,1
0.8123666612817665,0.012364047795921406,-0.8558427177961021,1.753526596952157,2.123345736744989,-0.3194302994786113,-0.23054470528037033,0.008688147061120526,-0.00868814706112121,0
-1.0876317715477104,-1.2492694280896446,0.3605059479790766,-0.45195439444232555,0.39854680508928353,2.448018834385559,-2.573961187574067,-0.9083581509903277,0.9083581509903276,1
2.0765443703438167,-0.48323479071100967,-0.743909951123654,-0.6263838955549318,1.0686192860401658,-1.1534501915110236,0.9176878590586075,-0.703859415100875,0.7038594151008749,1
-0.5107471052735202,0.3860845704648979,1.1284263327444752,0.5010876953229312,-1.1384243516356598,0.3497328427882665,-0.2142233589197787,-0.3748488046929442,0.3748488046929441,1
0.19128448851144472,0.4744718546072787,-0.5899233904570221,0.12790001407539772,-0.12713036234300557,0.8141414306718998,-1.692816697758343,0.44949325467313866,-0.44949325467313883,0
1.2701449075324323,1.08030500928869,0.47490736762324914,-0.6136978503358501,0.5741430433615218,2.628202679986729,1.3153555502108394,-1.1730495090083024,1.173049509008302,1
-1.0909691299844044,-0.3327181209069981,0.32760976930549773,-1.1686197221461316,0.12720155684686915,-0.10747268881667238,-1.297917146889393,1.2480028941850723,-1.2480028941850716,0
-0.9266614692464658,-1.0046360562314467,-0.2363768238516647,-0.9767219409670805,-0.8661924622423689,-0.42164610827211074,1.1437250120195102,0.4269341176360523,-0.42693411763605277,0
-2.5711093653964414,-2.0165117536556774,0.5196756114096469,0.680938086652391,0.54069384811,-1.1255577172248692,-1.2166880011322783,0.835058069877431,-0.8350580698774313,0
-0.16191163941138287,1.3196792241301383,0.43967798553505005,-1.018555113189808,-0.3994212343254937,0.32789055734105554,1.1297887425604733,0.8480982159488737,-0.848098215948874,0
1.1574619517617049,0.688067071647447,0.20623930836073032,-0.02410934295864563,1.3859688640481749,-0.7051499302088784,-0.7486837690170668,-2.8409603807307717,2.8409603807307704,1
0.8098033663068226,-0.45644141367796015,-0.02848545902189293,-0.8920720593927011,0.6160539010154042,-1.0804112511965223,-0.12907203518206975,-0.61129168653191,0.6112916865319095,1
0.43660143277929564,0.4289140804866545,-0.03896939119175887,-0.9392550245215302,-1.3471166775586894,-1.284409897252233,-0.17927357466212068,1.1675139484924328,-1.1675139484924333,0
0.350107978489471,0.20866330137040423,-0.7733819820329355,-1.0420187377614027,-1.100483223606772,-0.9026763991844128,0.02984675677894609,1.1640622650915342,-1.164062265091533,0
-0.561963185108107,1.1785743732660239,-1.1481150015610435,0.9282407438666039,-1.0284982403713847,0.6952931947444237,-0.06976055752163988,-0.7139692061505852,0.7139692061505847,1
-0.8455248921018657,0.4429543509953739,-0.8503936174726724,-0.39279144056537874,1.539934110943443,-0.45928983569562143,-1.5660736045453445,0.7468375775520454,-0.7468375775520456,0
0.6847065475211846,-1.2984574744958435,0.774948949401408,1.3590066548169675,-0.5530968693503938,0.9136615062110982,0.8331246750520559,0.5908121051234925,-0.5908121051234925,1
-1.830217362628139,-1.532339501591969,-1.3474211120600508,-1.2251607722418618,1.4429110636739197,-1.3513488751129326,0.3655396712586484,0.5635837521142205,-0.5635837521142205,0
1.779418657353013,0.933379884424235,1.4114469092080728,0.2646877362419694,0.4366182738224401,-1.0019372955366623,-1.9029220015287855,-0.16530730281780015,0.16530730281779943,0
0.39953281122185846,-0.5102820447029526,-0.2085798310162561,1.2906313045616082,-1.151851228208999,-1.2692432450746352,0.3784034642466064,1.0676456051079621,-1.0676456051079626,0
-0.9634484915171866,-1.1720067322740901,1.527864607556562,-0.524399444700823,0.5303817260049445,0.022445593946677982,1.001122952173959,1.112741962565979,-1.1127419625659791,0
-0.27474454991332836,1.1349598194733235,-1.4064273534112532,1.8425911329956837,0.4732056313624812,-1.2143831284582018,-0.5850094366681705,1.4807972235166975,-1.4807972235166986,0
-1.7024178854909355,0.60379340511385,-0.9425023448951289,-0.7120229202892713,-0.14017040631199318,0.4926528652919215,-1.1794086777367605,0.2252504231019971,-0.22525042310199708,0
-1.0765104525884037,0.36716097151268484,2.6549557432670388,-0.3045981252513782,1.1358573120307827,-1.0256474411290626,-0.20827184870733811,-0.9660879599634848,0.9660879599634843,1
0.8359589472341137,-1.4001562710874473,0.051228642635985984,-0.33529356141724964,0.566566424929605,-0.9011012105693912,0.5807061167941852,-0.8015547226411229,0.8015547226411228,1
0.3779276824429106,-1.2923024090926074,0.1787092198854043,-0.7033390225301148,-0.5416516944059725,0.05509225100297725,-0.06419975580719837,-0.7402304381102724,0.7402304381102723,1
-1.4091566247097127,-0.8266373289550704,-0.15810934298184498,0.360080192183423,-1.1796235789754923,-1.5108503283283394,0.49111527548339834,-0.37356228626525334,0.3735622862652533,1
1.2718721711243512,-1.0819713288185748,0.1383458077643043,-1.1273736711502376,-0.030783140431534278,-0.40869644979639186,1.1848263526927827,0.9744383369002824,-0.9744383369002816,0
-1.9370193287574948,0.4572071258786437,0.4991884502252934,-1.2814093745641293,0.869870048507478,-0.38173179478116925,0.15704871642696988,-0.7267972333738665,0.7267972333738664,1
-1.1047095498963606,0.13074629616122427,0.1346007937755278,-0.747602464631165,0.1505862177813999,-0.024016928417706748,0.2078305206358655,-0.10235898604486354,0.10235898604486353,1
1.846841484054541,0.29578830189315575,-0.7167551547336529,0.045066322533365503,1.6133415407230138,0.38915964736961584,1.1180471198284792,-0.8876288088339105,0.8876288088339105,1
0.898064190311707,-0.25885941745496216,0.04231804547131324,-0.38121077548296445,0.8916338522868007,-0.5990234320752869,0.614113349753297,0.018802448312190963,-0.018802448312191418,1
0.5413271335909088,-0.994074825295862,-0.7676749112127441,0.3978969703071197,-0.7048836223215182,0.6302504683760426,-1.5807916682417789,1.2496840150357256,-1.2496840150357262,0
1.7545504669471808,-0.37119330949666185,1.8293073574674985,0.6637060744482314,0.10829831679327288,-0.050734656398578555,-0.3878877398825233,-0.22476473814055786,0.22476473814055783,1
0.4243641236978761,-0.5032523363549256,-0.828856062308053,0.7649577638310512,0.3325399410869984,0.18369811332868385,0.4714632839191295,-0.90991589843088,0.9099158984308795,1
0.33218276884404546,1.4927236342650008,0.2662883186466306,-0.31114479793897787,0.3765647868494915,0.09706587693209666,-1.9824899510272995,-0.1385589548899841,0.13855895488998363,0
1.522318630573566,0.3145944136259591,2.316873353381282,-0.5342640105020754,1.1444305513353261,-0.8354233049363563,-0.17711215750525386,0.6344188889235132,-0.6344188889235132,0
-0.053943127186521805,-1.4866756766020364,-0.7933197194514159,1.658627864644287,1.1444100002025333,0.07548018382414104,0.8459397537480133,1.1475555909009663,-1.1475555909009665,0
1.4307911476955948,-0.405328813955917,-0.9170871538018229,0.15152826628044022,-0.028556930966244523,-1.2043377812733718,-0.5257242334162705,-1.7145720186160602,1.7145720186160598,1
-1.9511858544502318,0.07438428736923573,-1.1075242928819036,-0.7542661123385654,-1.2629068905220477,-0.6786122853123658,0.13077875562192048,0.776628746724398,-0.776628746724398,0
0.7691709839773289,-0.33499680435047335,-0.33146213903271854,-0.5735999715543187,-1.7357719620727685,0.39168803532530394,0.2537353715624185,-0.8932395898811479,0.8932395898811474,1
-0.2250269859291921,0.32409954756112264,-0.8704741096294457,1.623061000969992,0.28737995222087515,0.0007149889631966329,1.2451421263233895,0.39546246844651534,-0.39546246844651595,0
0.32974884752009015,-0.4530044293804017,-1.229055033154854,1.669566189633298,-1.4012179476980464,-1.3755671012043038,-0.8860164390431778,-1.7121157409637626,1.712115740963762,1
-0.15812018638281536,-0.7223596518105809,-0.7333596234570127,-1.139933463601888,-0.44458363592688654,1.2705216931111094,0.5476806056274581,-1.741587915758849,1.7415879157588483,1
-1.166716183014498,-0.049962453445001075,-1.1804422757727195,1.9553013110569322,-0.12584008957526,-1.0589491512126081,1.0604042359101213,0.2989372980681028,-0.2989372980681032,0
-2.0641727049114413,2.3365575582985323,-0.10852056174284845,-0.666493651204889,-0.7909191727484826,1.2732672627484607,-1.034537363970584,-1.3370828446670249,1.3370828446670249,1
-0.19868400090048963,-0.9216217630819332,-1.114375149980191,-1.0785980666948922,-0.3549079610912098,-1.4324708329623592,-1.0142858667269288,0.29435098442090085,-0.2943509844209015,0
0.21828667830301438,-1.6748007548588528,-0.6720143446369716,0.22849437920612237,-1.0702620075277929,-0.9303362155273471,0.09635030039482884,-1.4455465054184211,1.445546505418421,1
-0.8185231262073713,0.8951044015907075,-0.7703239333578399,-0.9970413069057785,0.17900006081087333,-0.5418898858365956,-0.18717678856736067,0.7548847324328342,-0.7548847324328345,0
0.5583892573869993,1.4032667008731388,0.8981511216780744,-0.8400458098418183,0.06708238156003951,-1.3960702587649019,-0.042141204127885024,-0.5964727018129942,0.596472701812994,1
1.0847604885669084,2.1268535351310556,-1.1096488109378457,0.1633861663727722,1.255782792802429,0.6036044553893272,0.33643609776758265,0.19491602384061235,-0.19491602384061302,0
-0.3689818128428791,0.478035187015918,0.29708939761828806,1.8396607921711179,-0.6077373510932464,-0.8401138223712519,-1.8307131827939052,0.8865625770377895,-0.8865625770377888,0
0.23863513878061154,0.6035347523139082,0.7213402524399823,0.6502834633846871,-0.6652301414707208,2.1183865465089697,0.9740642263656866,0.9664855263458192,-0.9664855263458197,1
1.4598123560111074,-0.5326687486016645,-0.5188927219591223,2.171386240683384,0.6653648667785146,1.4975834927561393,-0.04964342715123115,-1.6797157921347305,1.6797157921347299,1
0.6498737359281914,-0.21281249082530476,0.07686259639760364,1.7912521273312214,-0.02183484383869532,0.29564481748561056,1.0513731983969916,0.05606457512952221,-0.056064575129522204,1
0.39047934807302476,-0.6993052643678791,0.5587465660488626,-0.4472471849269737,1.4052041073842467,0.6773887099367496,0.09482943176049279,1.4598453759924523,-1.4598453759924528,0
0.25039729279678186,-0.1760373091625749,-1.1904256864414193,0.5170673019668907,1.0156692365625646,1.4823900216698656,0.9809451173855473,1.1852061345552065,-1.1852061345552063,0
1.121140968719995,-1.812263684113769,0.7094258870102942,-0.30219000874531005,1.7402782018371252,-1.5099288483507203,0.4906967594954536,-1.9866860731379887,1.9866860731379885,1
0.4473081066557269,1.0967319330400067,-1.1880414619866124,-0.6002117125348916,0.2492610939342448,0.08926056780501661,1.209795223827017,-0.08625629962371052,0.08625629962371051,1
-0.18903168528961106,0.2711382887563552,0.5155447205955066,-0.31353543656323346,-0.5095626483693668,-0.8936020564204261,0.7893150640023345,0.11664358140475042,-0.11664358140475087,1
-0.8952489832513083,-0.029224817888567876,-0.5800278510509452,-0.6492484288847811,0.052317316305004455,-0.7635738965360988,-0.5498239466813949,1.3798031908625237,-1.3798031908625226,0
0.5604260435782527,1.026481235808325,0.9267070409919506,-0.7216568910553268,0.34745917790304204,-0.6541065918517935,0.3007603960347431,0.13264730618477655,-0.132647306184777,1
-0.31506328636748276,0.28678109228647414,0.39558352545502906,-1.2282968642354353,1.0802654523126238,-1.1375804532627019,0.9715032489116912,0.7514722758566944,-0.7514722758566948,0
-0.2991750446707645,0.34903523549815785,-1.042863566033047,1.4583992015176597,-1.8752618925952012,0.08456575859464935,1.611203081911304,-0.8555179404634242,0.8555179404634241,1
-1.9935045916411707,0.06282460999432829,-0.9900744051190237,-0.0817559976407656,-0.2083534684127586,2.0387822716707746,0.7209231730029292,-1.233309170335833,1.2333091703358323,1
0.6369738860198125,-0.11561694504427682,0.3023019921518743,0.49934341814924205,1.117676872976214,-0.08862096707674572,1.2833380391387288,-1.6912877836245908,1.69128778362459,1
0.06497702444173119,-0.7293111485046335,-0.742541037414008,-0.8191783641099365,0.42868209504684207,-0.47069753583069845,1.0488148198014138,-1.1790931686283448,1.1790931686283443,1
0.2830592113399489,-0.4612020200278517,1.1305513112929793,1.3629777119981317,-0.769205945066986,0.9310910339840079,-0.9990983745277484,-0.03090939918821833,0.03090939918821787,1
-0.25477053519796716,0.16697573066537413,1.1061386523993768,-1.2446437010211568,0.4547022889063346,2.167120079393263,-0.07770209190880872,-0.898193091433098,0.8981930914330974,1
0.6807725601834745,0.4592980659775372,-0.12203798854065102,-1.1164829451044063,-0.15941115492932978,-0.8295221937900132,1.4567613567889897,1.3343665597880041,-1.3343665597880032,0
0.8833397629299378,0.6738225453963819,0.6598727692633312,-0.3106844784272446,0.09402152556843967,1.3432994686855109,0.27283296295303416,0.2744185019714346,-0.27441850197143475,1
-1.2115803516303336,1.8949300745055373,0.27640540700623284,0.5278072934108617,-1.861091433773676,2.3772437153071646,0.4164321011430502,0.19291606520197516,-0.1929160652019756,1
-1.1454258134883346,0.03879906383955942,0.044190033184001457,-1.0471755652044774,1.7333320655547313,-0.3144369222356367,0.9696492201635145,-0.9194261928248991,0.919426192824899,1
-0.4302527441761208,0.6376687215857123,-1.1463723499869305,0.33772552628673597,1.3797301346010724,0.26125343529697326,0.8219691223249576,0.03774337541229493,-0.03774337541229515,1
1.5599613003205142,-1.2782813928803456,-0.20722145557731586,0.7462697433825676,1.0834946145618327,0.2963390455603419,-0.2731596346652236,0.9710277474198091,-0.9710277474198106,0
-0.39132285556359586,0.7229357959303033,1.3898985860105144,0.014164917182268923,-1.1716566799124941,-0.6653290383432425,-1.6340672563542784,0.6453036851385974,-0.6453036851385975,0
0.37947087107749067,0.4104797007881006,-0.7398556329381653,0.3125880792167602,0.6801462903641149,-0.14892477325781642,-0.9983343255453385,1.3752421260093555,-1.3752421260093564,0
-1.6498193075130843,-0.6439981642796714,0.9774032842572848,-0.4144976926351675,-0.5884305687699675,1.0749313598047432,-1.0825016511082004,0.29176683843847595,-0.2917668384384761,1
1.1768598629062212,2.7296942250574316,-0.7868182658987408,0.42370187390874425,0.25945032290347725,1.4124942393841131,0.9924929502612865,0.5985264673111375,-0.5985264673111373,0
0.5416488980661555,-0.1283861543021934,0.9082114642014398,-0.2204677994106462,-0.4882032091664714,-1.2446640927177643,0.32868604703216764,0.8555837216669003,-0.8555837216669004,0
0.5495052056288172,-2.0665359523941733,-0.1967495652061007,1.412207839340149,-1.6659976241730794,-0.19977313915647513,-0.6567167790461921,-0.03615986104032629,0.036159861040325605,0
-0.5457285691467059,-0.36704837814259944,-0.401212342329427,-0.08981652391088507,2.7409005385014598,-1.4697221591728034,0.8477367500432429,1.4028017388515492,-1.4028017388515481,0
1.1485929530868888,-1.5515913723996733,-0.640119199627238,-0.7936294224352188,0.7214574171940041,0.4389611019858574,-0.6793335332950926,0.6479223508244589,-0.6479223508244588,0
-0.46159376126004714,-0.46060088155195156,-0.34403947156579756,0.414019602910409,1.1369153287626887,-0.6721491753632842,-0.12720306701928466,0.3373293062661354,-0.33732930626613583,0
0.40120523690582904,-1.4652593348206435,-0.8645411817391604,-0.739287072020123,-0.5254167573057426,-1.4093712566347056,0.6192826424844106,-0.0757947566216761,0.07579475662167587,0
1.127494098554779,0.6920500293394426,-0.5471323555648812,-0.6965928393499509,0.5358964102904472,-0.9660237148471654,-1.2930690236684608,-1.560961753198251,1.5609617531982507,1
-1.046775501779991,-2.361214504578181,0.8006423463737811,0.9715175854702164,-0.6398766084628862,0.49359525051858993,-0.25802020345891796,1.4044151049805993,-1.4044151049805995,0
2.1049664052801735,-0.31614029898115903,-1.4360919542552955,-0.9053862437655117,-1.3804240843373905,0.08852753115295527,0.8984235264849894,-0.09228450097699557,0.09228450097699488,1
0.6654852360569208,-0.08932916761877527,0.9855432559236587,-0.21102129378775303,1.382883349726403,1.2895263413699312,-1.8126335583904842,-0.28007128545150495,0.2800712854515045,1
0.4443570737449667,1.1705817772587668,0.05161160385097999,-0.12379709508856764,-1.3646927083116378,0.5779515298855395,-0.16299306211813258,1.0179611991340458,-1.0179611991340465,0
-0.30842645964845616,2.469223139679315,0.14457598055056503,6.025507320299474,1.2554951921586626,0.562918948048727,-0.664367057669918,1.3599255870885811,-1.3599255870885814,0
0.2592872375722988,0.9860249609001799,-1.144684716323032,0.05425732357769126,0.17629457961865666,0.9030541408341554,0.5911435071023773,0.7634034241408993,-0.7634034241409,0
0.6686150438880989,0.7357307896089893,0.1629328972554097,-1.0049398234928753,1.078329708085199,0.6276947797621673,0.5952717226937619,1.1671143160014488,-1.1671143160014485,0
0.20276435055565298,-1.4849112603932113,-0.3487357325909422,-0.01759040407600289,1.620206650312661,1.7839922754159838,-1.3645615556464294,1.207785541124212,-1.207785541124211,0
1.4509342982039022,-0.18224645539626458,-0.1722441157274481,0.43302410603051844,-0.1832777293480758,0.08479492908580073,-0.5063268373060437,0.4708509113331375,-0.47085091133313767,0
-1.097972832291816,-0.3067123374814861,0.7112532388686458,-0.49904151718329925,0.16015270745864316,0.25334148902374537,-0.08351284269564115,-2.5791154299121954,2.579115429912194,1
0.1422111232215809,0.7285504741519155,-0.09508304915398086,-0.9748735877613381,1.1325249720900612,0.6577312595840153,-0.4109150321101818,0.9713720558164711,-0.97137205581647,0
0.23369391063670636,-0.7711164069192953,-0.12196453869798059,1.0438465282157299,-0.3466255677666985,2.3372925094631003,0.10014452848542381,1.0539527068086452,-1.0539527068086445,0
-1.7565287682746744,1.7224283801453815,0.5859835984778412,-0.56996253549849,-0.19688000546769022,0.17361394361098384,1.693162707948166,-1.5707739490936206,1.5707739490936203,1
1.3821927715583158,0.14207181134709096,-0.8322116137103291,-0.23718074894102129,-0.0941846112021173,-1.3686333168985334,-1.9235492079922398,0.897033594351856,-0.8970335943518557,0
-1.0171691113660304,0.5130447422782801,-0.29639743319340744,-0.9673394508346378,-0.7209977237013124,1.403934078029716,-1.0505028366332851,0.0676050713927201,-0.06760507139272078,0
0.20009791607726415,-2.145187283611497,-1.4109551939161964,0.4946883097484978,0.16631975937454618,1.722001953955615,-1.6074466532441556,-0.8438235674008654,0.8438235674008653,1
-1.400600487061548,0.26598798895264303,-0.549331894763558,-1.2016613519513981,0.8725693146158378,2.134273610010911,1.2185134124866612,0.8312618961333084,-0.8312618961333088,0
1.456703540959849,0.6238520955672208,0.9345821208996826,0.26322960444242505,0.24833500067585584,0.21941864418798307,-0.38634417104938784,0.16925741594996277,-0.1692574159499632,1
-0.8548637050788337,0.5156938997591608,-0.8245616786572254,-0.43072410611892875,0.9761700860499408,1.5582057593118388,-1.119754195173285,0.6271959982443506,-0.627195998244351,0
1.505281555891087,0.4410962310502274,-0.4514841783448905,-0.608940103001036,-0.1982849093807494,0.5138813324243067,0.8090191389840701,1.4600373844708436,-1.4600373844708436,0
1.7070421920101089,2.8266037083034132,-0.47702103363886617,-0.6011851436976573,0.27278423891252274,0.1417660152765095,-2.508052004620224,-0.8282207660397017,0.8282207660397016,1
0.5657365336815234,0.7870318991952652,0.12492046310043164,0.1915878676658337,0.0028280321005260153,-0.336285328181671,-0.18892126420355534,0.039733415313090964,-0.039733415313090964,0
-1.2753031897236649,-0.8285300087031128,-0.3833868885375831,0.3532766532840696,-1.1874585385438223,-0.7117180763441956,-0.36174155149159004,0.6109255830056417,-0.6109255830056423,0
-2.6780270193377764,-0.15061976453051493,0.06347476385668498,-0.37996572013134267,-1.5426642324439204,0.7305397076750163,0.3981100967249347,-0.1973952647202711,0.19739526472027064,1
0.17478728629411638,-0.040548966992041184,2.2290254085153856,0.5093721103510063,0.6901233029301033,0.2409705912896922,0.8813685786664015,0.23066454725374239,-0.23066454725374236,1
-0.6848727240715148,0.35572009756438866,-0.5626710608221147,-0.2952837654093976,0.5239671118969715,-0.46301373858351713,-1.0431660701839163,1.1973131650893198,-1.1973131650893192,0
0.4561852885170338,1.296021467823184,-0.9790346709068668,0.29512158087692725,-0.41726856782635696,1.1866120440217156,0.49424839166554385,-0.6502841270817296,0.650284127081729,1
0.14545102047998082,-1.213470653882743,-1.1340477750242548,-1.2326178331545803,-0.5575285714320154,-0.3743075550460831,1.401756314525878,0.3736511981736142,-0.3736511981736142,0
-0.548147013986745,-0.6965626840378721,2.1383339359909117,0.15059890278173388,2.093472391822048,-0.3924346181730467,-0.3951932487661806,0.22690514603381093,-0.22690514603381157,1
-0.7714495183968183,0.9325017782052464,-0.3275305066520981,0.48657027370265554,-0.27488012149333113,0.10730746473154648,-0.27908827633823563,1.0590167269499609,-1.0590167269499613,0
-0.881528022722607,-0.07153751042151922,0.1691073079672019,-0.24654697098909378,-1.0017297803887935,-1.17797903555277,-0.766853488486755,-3.2290025209372226,3.2290025209372217,1
-0.04827498156915967,-0.1747903986631148,-0.7795139564134733,-0.5380293612194709,-0.8408659154623226,1.4704086545968198,1.0385516674529711,0.8613639718339171,-0.8613639718339173,0
3.0344333625204745,0.10351097023601809,-0.39330032135321874,-0.4501904165878014,-1.454264725856198,-0.990255138482332,-1.4472762137143602,-0.9461940740296109,0.9461940740296108,1
0.9603353135293359,-0.5927081309035858,1.2358152224167847,0.48887207174259983,-0.3993348021055265,0.3827449433865732,-0.6577568803409161,0.9226316848059398,-0.9226316848059403,0
-0.8804186698954117,-2.624972795229084,-0.9362306001937479,3.2693692129837713,0.6210716788534325,-0.2270912262399975,1.0786256312435327,0.7502313822634445,-0.7502313822634449,0
0.3291815357969977,0.13195854030567072,1.2350094962916793,-0.32719384738024926,-0.15156045481590755,-0.2505810022121952,-0.0015280075908741667,1.1998013176197384,-1.199801317619738,0
-0.14681908359636417,-0.16062637436884097,0.3724372377006552,2.5272965363419067,1.3367807404348941,0.1432644669251679,-1.1572162958842998,-1.7550499718365367,1.7550499718365364,1
1.4851305176213134,0.8070428223655713,-0.9091587180972662,-0.40684573907854604,0.47116131739661965,-0.23940438591748248,0.413501503097211,-2.6903541046148525,2.6903541046148516,1
-1.4920264186564003,-1.0871478440699416,-0.6287064328774016,0.20936336138008155,-0.06663615656537307,1.2504169988491116,0.7920029466026975,1.0977513497458498,-1.0977513497458486,0
0.15689833776110818,-0.8237488850649479,-0.8849996753412075,-0.31220151138957947,-1.232097363461296,-0.6790634553588525,-1.230013159549775,0.2571720506824295,-0.2571720506824295,0
0.3444355036957855,0.4250568993717593,-0.5297455942324392,-0.3968216566413703,1.0429187963007605,-0.533329878676398,-0.9651762204398637,0.9766217549882743,-0.9766217549882754,0
-1.134647456587802,0.143305126083567,-1.1307680886343041,0.2243007401896172,1.4694936190034318,-0.8011257954940868,-0.31682267620216875,-0.2739025630834993,0.2739025630834988,0
-0.07422481447430639,-1.2778166608488057,-0.38270020359195484,-0.8488687127393302,0.18454211102379392,0.9459111483936996,-1.9401830654959673,0.5506896926796508,-0.5506896926796512,0
-0.6566807056104018,0.7564858543300744,-0.3324220224382449,-0.8611572201924274,0.8583659762906019,0.323891262859732,-0.9356611504971721,0.17353518902219295,-0.17353518902219336,0
0.4121772841042503,0.804248254020139,-1.241568484162128,-1.061518843221902,0.49985919826972713,-1.3452269601299645,-1.9263500661135413,1.5076131821144938,-1.5076131821144951,0
0.6346005051682908,1.7351770673559959,-0.8315840955484175,0.8865953134047951,-2.195959938533475,-0.7668169274287231,0.5643886598869825,-1.2710810850213883,1.271081085021388,1
0.3990380020535437,-0.7828938560722847,-0.9990098461447713,-0.9653123032498632,1.0150862748225065,0.6351423252193586,-0.08135215292400927,0.867964699742997,-0.8679646997429972,0
0.6337598969592436,-0.44624424200120005,-0.5373552792735181,3.8749583909254737,-2.1091385877439692,-0.10666630070716494,1.1772358075258231,0.8916763712086982,-0.8916763712086978,0
-0.2912558947275539,-0.7192172166113635,-1.0387819083012098,-0.9463356780315614,-1.6406290087217075,-1.1681513940833956,-0.6156389221983304,1.034709306137769,-1.03470930613777,0
-0.327923565877147,-0.7077611088650358,-0.16621772151995456,0.4422835965561175,0.5161954503677717,-1.290812848292489,-0.8382473993840333,0.034492907401176144,-0.03449290740117614,0
0.29428993846681933,0.926496176289368,-0.5564144686052582,-0.6575040818510186,-0.832323602608104,0.3674123316709008,1.2976082269760092,-1.1974102393116706,1.1974102393116701,1
0.9060633367060319,0.1644392724186654,-0.8099686255790478,-0.228875005118372,1.2769511348550822,-0.7624518606673627,0.4801846527782792,0.5995994010460449,-0.5995994010460455,0
-1.8804584751366367,-1.3663407072324045,-0.1662123898237741,0.9409574082137012,-0.3254824120368051,-0.7519294025822415,-1.2860877290967694,0.6451682672813012,-0.6451682672813012,0
0.3814744962632529,0.10681050603906876,-0.6508731133531193,-0.6612269813643062,-0.1611462737034289,-1.287301219596674,0.8936869277169427,0.5574809778549822,-0.5574809778549825,0
0.839737768213099,-0.12866823709859987,-0.5546752750675361,0.44336020579373914,0.6652706238402625,1.746849701775371,-0.8581087394974863,-0.6667068526788059,0.6667068526788059,1
-0.01256577762868264,0.4218480197107048,0.7580471755681693,-1.0239618064257088,-0.013232644460486562,0.8587014666834593,1.068587605936994,0.23683825220877935,-0.23683825220878002,1
0.26812899669713064,0.3399499273971174,0.41943676355383736,-0.6208090981685421,0.3934099827790266,0.29588519020494036,-2.5218827380753988,-1.4593096903006284,1.4593096903006284,1
-0.8858916001522312,0.9470124306331467,-0.09288602570215106,-0.5494100859216114,-0.3771040900285197,-1.178920155871519,-0.6946016444379591,-1.3256670079277182,1.325667007927718,1
1.1103036391685672,2.25754719918654,-0.17630872666281366,-0.33531447455916286,0.5052503883756975,-0.193933689903816,-1.62984534902563,1.1278011832175887,-1.1278011832175887,0
0.6835106925291159,-0.5130951997537817,2.5695035963088793,-0.09008356270404769,1.75952423981627,-0.38103070642313513,0.9932042738571356,-0.2205725510739347,0.22057255107393445,1
-0.39776358043154453,-1.043454303772211,-0.6392430395105808,0.25086320927483885,-1.5648862964720756,-0.546085260717134,-0.23216734156224605,1.351829282699288,-1.351829282699287,0
-0.6722082535503789,0.3813757930099647,-0.9699600192692582,0.17044623305214293,0.5009168519573984,1.309129876926933,-2.204049715536333,0.4211768704421008,-0.4211768704421014,0
0.48008426995623094,0.23876947183146913,-1.2346200859059258,-1.168324740400846,-1.1326947624712533,-0.6963646183372317,0.24467169897704955,-0.9845960850866587,0.9845960850866586,1
1.1991140879253388,-1.0856981853287009,1.5968685762896808,0.11190107994988997,0.5026138051270127,2.1162381749587857,1.4654957827192354,0.8022920834007861,-0.8022920834007866,1
0.36361499734847486,0.1788138741461191,1.1369031416846087,0.21630866894948733,0.0008115466797269188,1.0991746946724619,0.4851150685561644,-1.1506410317807885,1.1506410317807882,1
1.222168379220316,-2.066689072524521,-1.003544121148528,-1.018970005675031,-1.3876907548851711,-0.18717848174946491,-1.5529444650270472,1.2592691981830633,-1.2592691981830626,0
-2.2938169228092224,-0.7109808279941191,-0.45528443832064286,-0.30372603421538574,-1.4642980890339217,2.0240608701163962,1.458452496597451,-0.23823601223682145,0.23823601223682117,1
-0.45210368996912625,0.5176600327224922,0.06806348419878469,0.7180251369974823,-0.08862464353162894,-1.4730334351415482,0.028577278641669878,0.8845639694053002,-0.8845639694052997,0
0.0742854647008325,-1.0282628001581129,-1.1035428878618958,-0.06816798195115695,1.6674200146385825,-0.5447862484491932,1.0848684737877872,-0.8131886914378662,0.8131886914378657,1
1.3735372509735464,1.7444980532964989,0.9426268048715304,-0.8268231505867574,0.13015685951159214,0.570962667360724,-0.4271926673897308,0.5785783499127672,-0.5785783499127671,0
0.7428196729897727,-0.532809679651863,1.3325432062421125,-0.9866244684233517,-0.10099486420957475,-0.7980556675293637,-2.2408771343530196,-0.20395595641720196,0.20395595641720146,0
-1.014274559454668,0.5682208910030496,-1.0827086895613527,0.6957783689904842,-0.03144564379704322,0.0671973776851204,0.03514642824814894,0.047932831677369434,-0.04793283167736943,0
0.8574587870893602,0.10795579621336647,1.0434526230189343,-0.9351034044237648,-0.06830543708968136,0.5706395856483025,-0.9315539496208105,0.7010595206560181,-0.7010595206560187,0
-0.7549095979595684,-0.5166848536506222,1.6360183199543448,0.9624563255255597,0.8166485673924296,-0.7850463201865701,0.8587996920328715,0.9425244913535648,-0.9425244913535651,0
0.23501113514561014,-0.6638423856025186,0.47311208011896033,-1.0046119034731105,-0.2403981799616845,0.9018190403557809,-0.7351139088932049,-0.17316361675482256,0.1731636167548221,1
-0.8983262903499908,1.2893553479116295,-0.6240122980811246,-0.2522608860284011,-2.4694591457247252,-0.9639127317244831,0.383524055864767,0.53932418479722,-0.5393241847972204,0
-0.3447052157726954,-1.6964904723878644,0.4577427435519481,0.479505186032711,0.4829859852341684,2.8761614531173967,-0.40151666259220375,0.924310537165011,-0.9243105371650104,0
1.0332675798645703,-0.04181299009164444,-1.2564796885463116,0.026985786521549253,1.108588831845751,1.1583141169963234,-2.2602286458818694,0.37586680881381757,-0.3758668088138182,0
-0.11857582580736228,-0.2477910610684961,-0.22827270448220222,-1.0754910156613626,0.35902796945088983,-0.45958222358408773,0.2685539741588043,-1.3581233633402865,1.3581233633402863,1
-0.04387465294405392,-2.2088858560912055,-1.4269986510770167,-0.27409705189228406,1.1553901101953385,0.9568848000914755,-0.4029529526579746,0.5107410019055726,-0.5107410019055727,0
-1.278116396878201,0.5932723451627223,0.5549205174770031,-0.545031585738276,-1.1372253501117897,-0.8348436387232446,1.1028184609879452,-0.22071286481365693,0.22071286481365668,1
-0.46018057901285564,-1.27919157328478,0.7749623709760114,0.3172409970379492,0.5180590451691346,-0.31472408142986996,0.7109076704561103,1.0829820839518252,-1.0829820839518247,0
-0.9158552711631445,1.1769697256919391,1.5896962025299242,-0.8590086749925758,-0.17631238950170436,1.8689447000895307,-1.1079963975281468,0.18919600509893014,-0.1891960050989308,1
0.2857093717965736,-0.42583496771172125,1.3180759142915712,-0.5363814612146334,-0.6012935680231271,0.5923611063433699,1.2438319450660256,-1.159283430675522,1.1592834306755218,1
-0.8595837436869228,1.078466153220633,0.7154773343530982,-0.8140097515469346,0.8650517317449986,-0.4209409151858387,-0.17473341714060583,1.5339168179285045,-1.5339168179285048,0
0.49758250382331093,0.7120421540985372,-1.2982620628538808,0.17880070769211898,-0.5668772035289344,1.1985571273093558,0.6436410549082676,-1.8866307393950341,1.8866307393950335,1
2.1212672602244123,0.43727620911727527,-1.4001166280034198,0.4024950136331526,-0.4051210938467812,1.3387824451450603,-1.6378040182660694,-0.29378618103675397,0.2937861810367539,0
0.4760724063175285,0.5247095731556861,-0.6677648407312059,1.49689866629463,-0.4241689214484517,-1.6063030998457544,-0.20953991448541767,0.45265536005075785,-0.45265536005075824,0
-0.3173423135246082,0.8107037764202917,-0.5760233251428397,-1.1265759816224978,0.9033855182820977,0.11258482513683543,-0.8792639013585971,0.6572971250392052,-0.6572971250392051,0
-1.009195388172626,1.3349393182539626,-0.6892610298491914,-0.19604400806840508,-1.32387974964872,2.1723274704953845,-0.1131194062978386,-0.8494152055567634,0.8494152055567633,1
-0.6028946969166051,0.5353736666195591,-0.6489594834440465,0.83238732937065,-1.0537759473923884,0.4497004392680615,0.7448120779308613,0.7991992372012503,-0.7991992372012502,0
-0.5684530929014473,-1.8641567416173175,-0.9315592431256485,0.10667512127784275,0.7232168624613098,-0.2709186586239638,0.5393242401858477,1.4396407410354792,-1.4396407410354795,0
0.9892442532073021,0.7200179391728888,-0.8449329208212037,0.7763528893811249,-0.46281961327229815,0.14492319564410713,-0.7987174005352963,0.12188525126422427,-0.12188525126422471,0
0.45128073527328777,0.8309436729514639,-0.4350150233938605,-0.758242114689948,0.23162444304289911,0.6871720348048956,1.0638373791275493,0.03606268472471087,-0.03606268472471133,1
-0.5848224910555656,-1.0584837328275487,-1.117913791173759,3.76466059301327,0.8988640414697446,0.2725342408163715,-0.7674264296670418,-0.1846005410542893,0.18460054105428927,1
-1.0294102856194842,1.0154623036845296,0.6633489296226162,0.27073537527460834,-0.6069815525322116,-0.17015602895845575,1.342399502247924,0.6534091799109385,-0.6534091799109389,1
2.2720653131251063,-1.1079544324923498,0.7445047007958628,1.4047105255811545,-0.36646688059310256,-1.3339416994352613,1.5988606454501464,-1.1445608566218102,1.1445608566218102,1
-0.7446732987748061,0.638903393152109,-1.35849367958493,-0.9017440347986958,0.7779140091777218,-0.6038539916281515,-0.5758953830520409,0.12482665853258587,-0.12482665853258586,0
-1.3728248637817129,-0.18652939031979524,0.17292914893427966,1.4539209707789418,0.5434386717994139,-0.2870566330703458,0.3025372367090669,1.3100419824281158,-1.3100419824281158,0
0.3199705228195816,0.4909600348467246,-1.3518012162269186,-0.07269723260917409,0.21068558988632693,1.8799839660478883,-0.4675215060475915,0.48139856990780217,-0.4813985699078021,0
0.27903705261549894,-1.229258203759458,1.4463086564286245,-0.4243260737558651,-0.9082586743553522,0.523152568928071,-2.6063533288391296,1.4180291390903141,-1.4180291390903148,0
-1.0661443696298765,-0.6180034460135302,-1.3052168501863541,-0.534236891929151,0.049697249547325406,-0.18092846521566078,-0.2921336770647958,0.8007014851943629,-0.8007014851943628,0
1.4271051092962732,-0.3447929742108628,-0.6375088631682068,0.01746829491822701,0.16590594858933644,-0.9375444212979508,1.0983630233134847,-2.4083195923066576,2.408319592306657,1
1.1869251830251097,-0.7750189750741433,-0.6488986418816997,-0.8763825609424855,-0.10174242256294115,1.5788876788828432,0.5506698692532072,-0.49239896349353607,0.492398963493536,1
0.874469542969848,2.295174651382546,-0.810936528738506,-0.18569333373153382,0.40828902490860136,-0.3639882069179534,0.8848780447588774,-1.0786759856594041,1.078675985659404,1
-0.12829661275597753,-0.30535507474074347,-1.4429472720153966,-0.6387112833366241,-0.22393238027273907,-0.025579363261529636,0.1901475339077853,-0.5917182160955006,0.5917182160955,1
2.1568152716411233,-0.1782280861586269,0.007200119887845,-0.8222179331055354,-0.7529263089546586,0.41272918212974274,-0.6798338158558546,-0.7706386226825285,0.7706386226825279,1
-0.5197135998748694,0.14890787372584824,-0.9179437814421496,-0.41792164784197494,1.3397396105002797,-0.08534567059718828,-0.2854326308764545,0.5896936722217546,-0.5896936722217553,0
0.9482590702507965,0.3038084860925377,-1.437831618826329,-1.2861928280715293,0.23622883583126322,-1.1744664145675763,1.1631087190784506,0.7287326093568934,-0.7287326093568941,0
-0.7453134021450091,-0.6430501781044735,-0.06908304493918742,0.32502580913252077,-0.929909024180296,-1.4101400980718248,-1.244641491089345,-0.4764960912268297,0.4764960912268296,0
1.244558776376148,0.47334008740622885,0.26416589747061375,0.041538653318230916,0.2764844643317706,-0.04190010823177693,1.0532086024519904,1.1628035921822413,-1.1628035921822406,0
-1.7555151280206376,-1.0635985071321838,-0.049858623664002746,-1.0138846811807893,0.6027454814777732,1.085942038482026,0.18581544139249168,-2.4046022121256283,2.404602212125628,1
0.5076725460810947,-1.1326849698496837,-1.1739788581396224,1.4895989647503398,0.9308213270367302,-0.4631951196705439,-2.128995949784341,-2.7173774464376583,2.717377446437658,1
1.6416463360553228,0.23258715329486698,0.5724717222971433,0.048053322567203356,-1.1654451824425058,-0.4637121122747767,1.1726296992612386,1.0464603970586626,-1.0464603970586634,0
-1.3221801237167756,-0.4081563084374525,-0.9830931066052138,0.3060362446921992,-1.2903937135299821,0.3159788070908638,-0.15201671885045598,0.5743349290126188,-0.5743349290126193,0
0.9508180560954602,-0.6881998444371619,0.9004227367925485,2.1371868553080864,0.839856673612208,1.0785805034975322,1.0333263935933235,0.3611488208677709,-0.36114882086777084,1
0.24429019184917894,-0.10751631458896573,0.8541235418005645,1.9965724084044518,0.08151196854549939,0.5091277555203928,0.03796841807931594,-0.11229646032035087,0.1122964603203504,1
-0.3317028568636493,-0.06978924066700787,-1.0817558871058912,1.244196458967351,0.4787322414226899,-1.4264211193512755,-1.4177111811911913,0.5720252157845,-0.5720252157844999,0
1.3856387147360305,1.6310982363544893,-1.0223957068738239,0.36839024014228683,0.18888414045508434,-1.0140618717320937,-0.5207553668587536,0.960501781874715,-0.9605017818747149,0
-0.420874707686916,0.2672175621998602,-0.31109267506230714,0.4153697654329965,0.8662596132203149,-0.1870006287142038,0.08931579208980021,1.2891027289236465,-1.2891027289236467,0
-0.9342183050944742,0.3748484081934475,-0.04679507214909598,-0.853452592513548,0.8318409600762684,-0.9507015380928772,-0.45833962191689426,0.263784088962266,-0.26378408896226596,0
-0.37971369497280577,-0.6092458877956324,0.5085637535055335,-0.061427821624766725,0.6102340176789963,0.26041357790546465,-2.143492225979074,0.41719402059852534,-0.4171940205985257,0
0.044610969551246264,0.915312397063857,2.386441382467986,-0.6520863078454571,-1.6891167020268887,-0.1796564435055129,-0.3559769936813801,-0.39205635100135183,0.39205635100135183,1
0.29168174071447717,0.4013346737099803,0.9879002922905665,1.9012134323203664,0.4725405315710116,1.1555503549938286,1.1019833318806966,-1.1047783357705276,1.1047783357705274,1
0.643438003019715,-0.5037754499707243,-0.6715144271291337,-0.6507718527464306,0.5888392195766291,0.6745110468239054,-1.1737497247368014,1.2140221050920275,-1.214022105092028,0
0.31153929812063147,-1.4736546053926367,0.9489007197322766,-0.39450117799870177,0.493173823252458,2.780713550557885,-0.6847272672101016,0.3998469800258661,-0.3998469800258661,1
-0.3470397825985393,-0.8223423014707576,-0.1275196446850185,0.3763423492821055,0.28215175799589115,0.1189783483840975,-1.1782206690371098,-0.36455947705678077,0.36455947705678005,1
2.4507998510016953,-1.9949324033609042,1.6543115627964522,-0.15095799437353327,-1.943334744940089,-0.2610243208679237,0.002783649021807834,0.11044467894032678,-0.11044467894032746,1
-1.7259083940191442,0.8953961962162669,-0.10332791195113895,-0.8966234918375536,-1.3894843533701104,-0.8921177111152376,0.8158049307746909,0.5468510333108128,-0.5468510333108126,0
-0.8297698998048133,-0.1339041401483661,0.8625773154502895,0.07988329580634843,0.050786829325252976,1.0978582162474608,-0.7100030013056141,-0.48536127648196065,0.4853612764819601,1
-0.09073342772400653,0.8796859306316798,0.8878175659170626,0.665015888502776,-0.5459665402220865,0.8427366100057054,0.06472812350233861,1.1486113899112902,-1.14861138991129,0
-1.2711195344219421,-0.12162355307012283,-0.8058711604805688,-0.3152589218608465,2.46584983026045,-0.356864365503058,0.7520695091492912,-0.8031033992389675,0.8031033992389673,1
-1.0337708874689722,-0.6437135280749103,0.19240675971571836,-0.38049388505874504,0.37819536498462075,0.6690006873787612,0.29808939583717187,0.16766668606759869,-0.1676666860675991,1
0.19799209632416512,-0.23862478777589158,-0.4829376065051429,-0.3371734369238322,-0.6639516292559201,3.0198337929959154,-0.07724343574779333,0.011551793996896476,-0.011551793996896704,1
-0.2712934094982719,-0.15981776357214555,-0.8106971989987941,0.5526345961995952,-0.6296506869905104,-1.0913930613134273,-1.1616941662797116,0.2834468538926887,-0.2834468538926889,0
-0.29735147435734804,-0.2753171516301355,-0.8357287423088666,-0.6245785378551754,-1.485890109172809,1.1071379546209719,-1.8320094582473556,-0.6347323301157604,0.6347323301157598,1
-0.30785789631645777,0.1103737322196466,-0.7452311199786662,-0.8890256998132278,-1.2898833760866064,-0.26131183456812634,-0.5933781488381575,0.2721479785365582,-0.27214797853655887,0
-0.5754818767211886,-0.2921481673798308,-0.8301625072604579,1.7424710385232653,-1.3867318149126353,-0.15411527534993516,-0.949295912973523,0.20381162681300863,-0.2038116268130086,0
1.4870020993057667,1.8084838202959412,-1.4429472720153966,-0.2951078994529819,0.6241294787297746,-0.7228276429479539,0.06168137309952491,0.4884522206818686,-0.4884522206818688,0
1.3098011195791193,0.16201434322766048,-0.12106484195641062,-0.6015978466006604,0.5054605987671887,1.3501873874902142,-1.0036431835564081,-0.5652314436400115,0.565231443640011,1
1.7462675003017425,0.9747593596196849,0.4219192470535494,0.6996178106331327,0.7245965807200719,0.9294026164076451,-2.4991100341242523,0.5730928009705277,-0.5730928009705284,0
-1.0637471304272175,-2.8269270097542196,0.7517240917836852,0.21345444276898498,1.3750018225322225,-1.018983493867977,-0.1787406646879611,1.3056056444640591,-1.3056056444640598,0
-0.9080709471507911,-1.6326104988301477,-1.2159082599524378,0.07228859783054413,0.5471523588271319,-0.35287176441643897,1.0672661889697173,-0.6545659391436688,0.6545659391436682,1
1.097235650463834,2.3265008489785934,0.776184973103722,0.28615910656513405,0.5804540728870545,-1.0669813902433505,0.9881955084963671,-0.8322319366311296,0.8322319366311296,1
0.26400286958777375,1.260842177160083,-1.3482851872837909,0.4101394622286716,0.1379946264857748,2.678895443933164,-2.070123651050721,-0.9489140934504477,0.9489140934504472,1
-0.8457257080988508,0.6201524603606661,-0.6124078115091725,-0.8778251413080098,0.20422975106763394,-1.2471192260133004,0.30105304003484695,-0.1209617610224988,0.1209617610224981,0
-1.722024436160887,0.1267679867156951,3.422619901271171,0.037908482873186246,-1.321933150936267,-0.21354132903755832,-0.14563994327156618,-0.264710091585495,0.26471009158549497,1
0.27047386435995796,-1.1988047399800565,-0.8207093081875805,0.05481071066183521,0.41192816586001596,-1.045907526544421,-1.0561697665696792,0.9946114592256571,-0.994611459225657,0
-0.14425431872406516,-0.3323259063611839,0.6444073621713579,-0.4556101166040647,-0.18971416087886153,-0.5429584153816716,1.6568413042399281,0.4554667223080723,-0.4554667223080722,1
-1.690303638464127,2.4121715613001484,-0.47285250836262765,-0.6422412062317668,0.00732813827069417,1.3515559442540581,-1.4774690588266945,1.1836850308895759,-1.1836850308895759,0
0.7328644210016573,-0.04560540988288313,-0.07743986383092206,1.7236548143964192,-0.23312728683840053,-0.2700339243509335,-1.187743303306165,1.0012170854842208,-1.0012170854842224,0
-1.0874832285665657,-1.8975562825471197,0.17732634503145744,-0.5231551850188266,0.6864442966776202,0.11029069122695982,0.6233355906179235,1.4514984772657502,-1.4514984772657507,0
-1.6838938434898973,-0.14201972398555712,-0.7209366320768379,-0.4727637508236393,-2.9212277020738697,-0.23949660713484114,0.60748854678866,-1.8804152900460975,1.8804152900460973,1
-1.8593490225682412,-1.2149478944342018,-0.4896414636771235,0.22458605858086525,1.953145433750493,-1.5766445516123355,1.1949166930993418,-0.9553130318097488,0.9553130318097482,1
-0.004207778746167136,-1.007379747579942,-0.2783718559456101,0.4884969773877117,0.7260844820687488,-0.6608017121520424,0.8045730024755495,0.4061431363882472,-0.4061431363882474,0
-0.03679692624754547,0.6791488776069472,0.45472058965517603,-0.8350500203596294,0.18705033444574365,-0.08451984642016927,-0.7769535747625541,-0.15476977006882361,0.15476977006882314,1
0.967746870663861,1.4660127227215116,0.7930040380582569,2.4701721646043198,-0.20844509044658044,-0.684528247112558,0.6969326041945585,0.9297515483290154,-0.9297515483290161,0
-0.6623506064417903,0.5309270673124564,0.21464429942259824,-0.11684453645575363,0.9216240254744384,-0.11657084549962787,-0.07050704495165291,0.9490742882391316,-0.9490742882391312,0
-0.19311705888011432,0.6167544737106493,0.7228583674000418,0.6980000514376671,0.30462612771404607,-0.6245407429261798,0.8547135656525295,0.823403105725435,-0.8234031057254351,0
0.335109070001603,-1.4653758735342617,0.5960374341065501,-0.3903284164163336,0.579264419873473,-0.8924217829820317,1.36609470311592,0.6349562747975289,-0.634956274797529,0
0.4603905628487237,0.5506532222553018,-0.7387766631666562,-0.9719960896360069,-1.0318026376250775,0.20561361629453662,-1.5304875553643085,-0.7635083227780444,0.7635083227780438,1
0.8098077975564144,-1.5782951128648601,-0.332947684846265,-0.4601674532251971,-0.4733006091111222,-1.0441170325544518,-0.10159052875993022,1.4429919021391626,-1.4429919021391637,0
-0.8253779327658662,1.0761194300449597,-0.5273471430327381,-1.147156160865501,-0.8969028538566717,0.6526085282596903,-2.0265062652972476,-1.2813875269043187,1.2813875269043185,1
-0.16738830976856714,1.2310770869045105,-1.3535140169275417,0.2593404080747366,-0.11729588494573093,1.698147314124179,1.443405891171262,0.37657394490577495,-0.3765739449057756,1
-3.6604200329282657,2.0336584861530937,-1.2083175262311578,-1.142251015199307,-0.2102631423301119,-1.5560125370024547,-0.7210985825277165,0.38947427232094484,-0.389474272320945,0
-2.9375874698237423,-0.8200469010324268,3.475388963838704,-0.999410294950638,-2.1084252579327516,-0.7158048498153682,-2.15523558427429,-0.4060670222823392,0.4060670222823387,1
0.21719707117453926,1.29295913654321,-1.310194098783788,0.5243572181273657,-0.5022570693384426,0.7010728324291009,-0.864107357337162,1.5034317078748793,-1.5034317078748796,0
-0.3244739288015741,-1.0563622842541935,0.48847066661979655,-1.3034293187365042,-0.32282307834854257,1.229715910113996,-0.3676028861789308,-1.9276011435150977,1.927601143515097,1
-0.11852459088756251,-0.7799297555903473,-0.7785479852769833,-0.2870712872719831,1.3152604085167239,0.5054751380729898,1.6607129860166148,-0.6737072827397192,0.6737072827397187,1
-1.105388475944363,-0.37651376050957375,0.7968309149041738,1.5743350274160621,0.6952491959425235,0.6432020046211155,1.0996492532935842,-2.462220267850518,2.462220267850518,1
0.10563719377140375,0.18381419551326272,-0.27480996976383515,5.202784995140808,2.037153548066216,-0.3331508873682059,0.996986113985741,0.39591208143304396,-0.39591208143304457,1
-0.4003199166936638,-0.7132646554479944,-0.34948673756780846,-0.5907638075728326,1.6879419251084002,-0.39130274825665845,1.0768935337347894,-0.6669235494472554,0.666923549447255,1
0.29356434702277906,-0.43505826948759513,-1.1280749611302276,1.980114779809126,-1.338446258254413,1.470517021546937,0.30013250605845665,1.3201800261604844,-1.3201800261604848,0
-0.11240451705525877,-0.30088399078798356,-0.5840539937984693,-0.6740532855065613,1.363121840880985,-0.7008620770098621,0.5624071716831407,-1.649361953046383,1.649361953046383,1
-1.0021031517887864,-0.7162343984550357,0.9690704630818738,0.8439303148126415,-0.38364175109003595,-0.9782746011229422,1.2122029938849628,-1.012252658006357,1.0122526580063569,1
-2.312762270111678,-0.5874498220297993,-0.2979529039216373,-0.4658829219968294,0.7460047521021175,-0.5316640222465383,0.3919546126209665,1.2172017294421467,-1.2172017294421464,0
0.7861548415224757,-0.4475726748642262,-0.15105323915772817,-0.9795538048392082,0.7660515404724916,0.43857899889877855,-2.2108998919264913,1.1246130811684667,-1.1246130811684663,0
1.1790709224027958,-2.8704486345156175,0.3569273711508671,1.3194808911064146,-1.2045554486441816,-0.6988669372956058,-0.272009673042011,-1.034600000748552,1.0346000007485514,1
1.0869040560264787,1.0707563681844592,0.12171729296538793,-0.5746431091476724,-1.7827814999185363,-0.5799954193149577,1.2208693645507906,0.6461790010218784,-0.6461790010218789,0
-0.4127774125237693,0.8509853984731949,-0.9726089595936601,-1.1399906393755501,-0.18886979119957095,1.1155554160424086,1.3076859587648353,-0.025052766462545655,0.025052766462545194,1
-1.6177094152097997,-0.7324284041073772,0.8608900436373154,1.5985826104883218,0.340804748794235,2.4605538770460798,0.8301123153392227,0.9934927132726977,-0.993492713272698,1
0.3252605714798353,-1.2525021512430197,-0.5848251721548394,0.2165944917502644,1.5716569222313324,0.47208675277316575,0.14455022789591732,-1.244325844454632,1.2443258444546317,1
1.6289381454454337,0.35703997102870366,0.7455251598093677,-0.7056463342489139,1.5460134772719503,-0.5638858518962503,-0.18922635732091492,0.823875323594824,-0.8238753235948242,0
0.052328348077919126,-2.0428173717704676,-0.5626665048284452,-0.29205152271388884,-1.4641065881670245,-1.2168027690732561,0.07765597128513932,0.7356451691291389,-0.7356451691291396,0
0.3825694344564299,0.049203049597908444,1.464302472746934,-0.7818030266325738,0.006269807245182103,0.03404631810436725,0.6321536722179136,0.627707613396335,-0.6277076133963355,1
0.826123133328184,-0.11443533305336988,-0.6552728430060453,1.789925805229869,1.3873334709915042,0.33128895461186186,1.1530507210799026,1.4688619139430694,-1.4688619139430694,0
0.8637611274832764,1.012454657869981,1.123438900986263,-0.5919708482482618,-0.001236630577952641,1.3328472941511078,1.8032899017085948,0.9078611232022433,-0.9078611232022448,1
0.06700437671724656,0.7091042989540773,0.6133282015340203,-0.8445505338555108,-0.34528132281631974,-0.8336321617257741,0.7598149317274552,-0.5090752675951247,0.5090752675951247,1
-0.34527482248636654,0.6582075498473622,1.3207711408169402,1.1192741712559668,0.7097989113081073,-0.49155829910076054,-0.8626891784294606,-0.6624904508847445,0.6624904508847443,1
0.7789205035938314,0.6624295644073929,-0.7559920754338765,-0.9160921512047491,0.7192458516994359,0.19282928524507179,0.2716489965415661,-0.12322900860148124,0.12322900860148055,1
0.9885197115536368,0.5075625554685992,-0.8621854706689387,-0.1023402890905234,0.6087515987285308,-1.2901809979065408,1.0755733604905484,0.09235737444406127,-0.09235737444406195,0
1.7542506909941702,-0.7100278744780779,-0.038265264704152376,-0.9284879808106787,0.22511247208992347,1.25125662101218,-0.08012981729689814,0.12493149032600893,-0.12493149032600916,1
-0.4130878604421823,0.5152228653433542,-0.5957575834322816,-0.18236924399756643,1.1397421983729104,-0.9004621577603714,0.13576229290380606,0.8852441386274936,-0.8852441386274937,0
-1.3184612212091231,1.6200496506836022,-0.6843129935259372,-0.9203677350012018,-1.7658821102291795,0.2894476596906088,1.0977840283901654,-0.9222471414440103,0.9222471414440098,1
-0.11967457388344656,0.5392451344355219,-0.7941390916683251,-0.2684693484861519,-0.48082870686264173,-1.1036786079060636,-1.08456462736959,-0.35678075783342167,0.3567807578334214,0
1.7937570058692804,0.1799197953640346,3.0196110453402163,0.3767006287656341,2.17065247037117,-0.7872830308381245,-1.5176295893856455,1.2745190507741402,-1.2745190507741413,0
0.8854953403654707,-0.7146445467983316,-0.19452922771473505,-0.9727004782447551,-0.44878789251296053,0.6705398924668008,-0.6891351799222789,0.18999942485501506,-0.1899994248550155,0
0.46493343221905786,-0.32432659340698305,-0.2305892589385853,-0.9947455335980455,-2.565578568452055,1.3531377851786266,-0.053752037026926214,-0.6955535391028581,0.6955535391028581,1
0.9357780431881981,0.9410337475417556,-1.2184809934632461,-1.2705796091775166,0.49910363197955365,1.7367444476257734,-1.2971378766403234,0.7522687215896561,-0.752268721589656,0
0.861178085956985,-1.5027322428142493,-0.13943184669664663,3.0869457453204534,1.436281635074701,-1.3490063997253614,0.1398002811027398,-0.4900774059119464,0.4900774059119463,1
-0.1462652071487426,0.25194206618656845,1.319762349410938,2.3784633489690865,-0.22865275185355238,-0.0605555217216615,-0.6064820790422046,-0.3675613900688989,0.3675613900688984,1
1.2277544913508842,0.156279117446303,-1.3861314568731407,0.03528522576887896,0.37216917594102034,-0.6346463730724207,1.302026683804945,-0.4931888289407168,0.49318882894071675,1
-0.09066479715913768,1.4691729027985458,-0.615095710216175,-0.14125254969107778,-0.5811515081628156,-0.13476118663308098,0.6037478566730216,0.6394174435378607,-0.6394174435378607,0
-0.5196599459932089,1.59327310388814,1.4548300424114287,1.0650511090923727,1.2876552528618384,-0.13663531046977048,0.682446905900328,0.2725258519849661,-0.2725258519849661,1
0.17736765748964495,-0.3761814864001672,0.17945036987656407,-1.2352148814826236,0.6836571507190541,-0.7422862155750187,1.0605170425754271,-1.2979824351748779,1.2979824351748777,1
-0.6452380635637628,-0.7057276450523386,2.2025639228597984,0.39109021904906394,0.12423368612805133,-0.7775369877720801,-0.27281224711905633,-3.1300427795881247,3.1300427795881247,1
0.43016047186474704,-0.9260743150170009,-1.0838198786278137,-0.6824339169346735,-1.6797118849254522,0.12627211471307379,1.371584277545434,-2.456078912852693,2.4560789128526923,1
1.169308102809414,-1.583219077324365,-0.6721385769376462,2.0095759465357257,-0.5155611989383505,-0.8013617062813864,-0.02584757049053402,-0.5191928515975398,0.5191928515975397,1
-0.8374704205868815,0.03251169634482901,1.599932241463757,0.5300406797487294,0.4604092355238942,1.1924101489591097,1.1096656670459368,1.2605401564741137,-1.2605401564741139,0
0.7296723757218537,-0.5604383935339599,-0.5651649088876185,-0.703840593211417,0.16941608448719364,0.010437817846662303,1.4374883997381913,1.1938429270321063,-1.1938429270321078,0
-0.09344590608349641,-0.22930837001549484,-0.3066640486217727,-0.6585842407059154,0.43487102946067674,-1.1483111226355192,1.7429637869417007,0.13173701826166714,-0.13173701826166734,1
-1.0288306258756073,0.7000253223100151,2.3145545311135023,1.396376202969125,2.2740576537333506,-0.5312456744082235,1.4379570373916963,0.786705073693774,-0.7867050736937738,1
0.013562710385123383,0.6535080133939091,-0.6467008542518373,1.1042932987051794,0.6871137500834641,-0.5761337458388908,0.8106281865442047,-0.47557960387320053,0.4755796038732005,1
-1.1221808243566043,-1.024238829502054,-0.11708800408378768,0.33362851947418726,-1.0715081339104204,1.53214753436491,-1.446609870054091,0.4717115238551405,-0.47171152385514065,0
0.37284160679341105,-0.19347394052475253,1.0143340698307466,-1.0037680188928735,0.6194871478139403,0.292083225954808,0.7274945792539357,1.2496262230787953,-1.249626223078796,0
0.2628736276186552,0.3038151320091641,-0.8467682046341508,-0.4714527769373654,0.21855742360066402,-0.6113071373896617,1.68287285710603,-2.9235459154056884,2.923545915405687,1
0.48425272171191125,-0.953354892839053,-0.6513141803190287,-0.8680775009792978,-0.5253687187191463,-1.0242290966542702,0.6731864307120561,-1.2127687401630867,1.212768740163086,1
-0.13508147149536567,-0.177595095979038,-0.5595254365466381,-1.1156103521658152,0.26597901027620624,0.09915281351816715,0.17606711899862162,-1.181994330965493,1.181994330965493,1
-0.8136465111750137,-1.4066836014826523,-0.6499165232265082,1.0792090911638264,-0.35734885539729166,-0.3714844218677356,-1.431508272944283,1.3127891193894752,-1.3127891193894756,0
-1.1364371784695206,-1.3574678758583256,0.052628133620629,-0.6461974653140771,-0.1474472838358046,-1.1456086245063484,0.9518493289692502,0.7113920579675621,-0.7113920579675626,0
1.1503361308399886,0.07008328931927316,-1.3713761940204068,2.0694009885873963,-0.5543129960079011,-0.9967626097250013,-0.32720465461271875,-0.37114974800652506,0.3711497480065248,0
0.6037949461649706,1.181755026665975,-0.1547218024175887,0.1330726877919097,-1.4193498522113501,-1.2209512901269992,-0.3904215888380608,0.2821985745834966,-0.2821985745834966,0
-0.37905497931540694,-0.8054398532019557,-1.3325558056827103,-1.0540959571112782,1.4897961397268853,0.24239339037636795,-0.5354490421840273,-0.8499283126623565,0.8499283126623564,1
0.5970872274684706,0.07957047898525144,1.3405009725303825,-0.6271216560084704,0.5304027410618976,-0.9722136536305785,0.10019778247645368,0.26712674041193196,-0.2671267404119319,0
0.33128729910522225,-1.0897457985105556,-0.9209115868643424,0.6671045653811963,-1.0339725950781953,-1.6905391320178538,0.5690808643828339,1.1696497793109366,-1.1696497793109377,0
0.7561449985441152,0.5810450336934312,-0.8967403392400034,1.833565181406951,-0.5479111643393447,0.9276915182198395,0.9094356927106763,-0.07378167002139423,0.07378167002139399,1
0.7695916952741069,-1.4611662678846093,-0.87296932033172,0.6458096394581596,2.2221983804814855,-1.1916058503967546,-1.5541995386928265,-0.16162991524876605,0.16162991524876602,0
0.2842695927965897,0.8185485465348002,-0.28744227635702074,-0.40932013499966585,1.4763181689121183,-0.8613344962373921,-0.35059758323247653,-0.43616982496461953,0.43616982496461904,1
-0.01470019211940907,-1.5231423845691876,0.05117241036006492,0.00027514212901856593,1.7398069423633955,1.027922575026134,1.3503815162178303,0.13177497403565278,-0.131774974035653,1
0.08601447077234975,0.5019378543547538,-0.9905223366077958,1.655515152797656,-0.3648794076371114,-1.4062560470647552,0.27828516235201595,-0.5550680284714775,0.555068028471477,1
-0.285164836602568,1.8721117675478587,-0.4339412620155528,0.7171036007913092,-0.5976473202760283,-0.6230868565880117,-0.6831457198808255,1.0022289966471243,-1.0022289966471256,0
-1.4790610482498745,-0.3392877366447103,2.4035775901058853,-0.3604810598679085,0.39673743377840404,0.08778846963103304,0.14057430238365348,0.27005063946157515,-0.27005063946157554,1
-0.15384076184078363,0.01741405760000785,-0.16092851557335483,-0.42319927890395154,-0.35982294485151306,-0.15381112576960837,1.5159720835937753,-0.3507137973557315,0.3507137973557312,1
-1.2206891515467835,-0.9070771506341125,-1.0694544654310987,0.9696598476406239,0.3915837730630306,-0.06037518055621556,-2.1286505728122562,-0.5633090505260979,0.5633090505260975,0
-0.6130759681546442,0.6785634919401607,-0.5999538143926785,-0.5506854679176746,0.4879989258561147,-0.5219359154120381,-1.3819963215780593,-2.470173026047046,2.470173026047045,1
-0.4613407802035811,0.31704475878525723,-0.9529547795172009,-0.7120421676709976,0.5811186608253746,-0.333669564677763,-0.6297650046633014,0.825739180349751,-0.8257391803497514,0
0.3566496358806623,-0.9600659136740197,0.23399056039703875,-1.2135845254684834,-1.5345179607199149,0.5048425008656418,-0.30815985088898956,1.1147769549037407,-1.114776954903741,0
-0.28176186412392734,-1.1900301877629735,1.2802506154989315,0.6857017317114104,-1.67197316157682,-1.4322994040253871,-0.07674265653387266,0.5094972214113784,-0.5094972214113784,0
0.025003115695219267,0.745889910164647,-0.28769043119766374,-0.7597101023067662,0.32358738473147797,-0.40301398476679196,0.683851889758285,-0.9711152661248617,0.9711152661248615,1
-1.4936153000161978,1.9571525684035174,2.434661549344156,-0.6982199193873907,0.2535940065541912,0.20859404383180444,0.8151296655285997,0.9032948506092537,-0.9032948506092545,1
1.0077801066866694,1.2387014673574597,1.5399920564035425,1.1141590116554,0.2848363018304976,-0.8276419239094204,0.6154039452797335,0.8657706504675355,-0.8657706504675358,0
0.3276666515141012,0.7165953556450192,-0.44028704149216497,-0.11260052976829549,-1.6419563274262434,-0.7943055723459709,1.4286117605803028,-0.9931969848862948,0.9931969848862943,1
-1.0073206689339393,0.33631333879586495,0.24972910130540005,0.18300258272674708,-1.2615776785654778,2.0059273300686087,-0.9363093159062719,0.40575769667960454,-0.40575769667960493,1
0.3676912291254732,0.7207076618588326,0.16344196814585502,-1.2670231080931065,-1.0279212605598134,-1.422113088549703,0.6259601866724193,-1.6971447791266483,1.6971447791266483,1
-0.19001711182446285,-1.8435454737802097,2.59130129923286,-0.7162504004997714,-1.5268930754908185,0.39025394808591946,0.7256349445792988,-0.9140502170597232,0.9140502170597231,1
0.4969750344416107,1.2419501738399294,0.19851521045723872,-0.8252821319471877,0.4426265178589599,-0.28451415892469767,0.7764254777654578,0.16259792605500312,-0.1625979260550031,1
0.7200426449173238,-2.160212188535861,0.13412150555527072,-0.5101788875776319,-1.5365724341102611,-0.48400696923915193,-0.03323573177404287,-0.1767222524720571,0.17672225247205708,1
0.0013086631592554507,-0.03952765581087448,-0.5363727898042724,-0.21111728724822953,0.3604942462886158,0.7280820958316311,0.5122039017709066,0.6395887458404388,-0.6395887458404392,0
0.17901673460896614,-0.10374610253705674,0.28475657165882573,0.9334749233676751,-1.600706420550984,-0.12277112931254353,1.1808168218248378,-1.099807843159389,1.0998078431593887,1
-0.550003289069942,2.030276359280532,-0.23456721738705671,-0.22190586380445282,-0.025784928508559506,-0.049032330434694384,1.2554735038188618,1.2929493108347268,-1.292949310834728,0
0.027560639389080245,-0.6070837254710951,-0.893332109668999,0.29561156504616254,2.0305205193442006,-0.1260368920049709,-0.040611685790041804,-0.5206947949786694,0.5206947949786694,1
0.06631101783362939,0.048665235879358844,0.8516569885499077,1.8497177683163626,-0.10238164335493095,-0.8301234694615599,-0.09705115590407688,0.6818928778657739,-0.6818928778657743,0
-0.5114867417336849,1.2760783830689062,-0.25435551142028334,0.9205889777091673,-0.19109051445600997,0.7247803251110542,-0.7778186622552392,-1.4052025644295354,1.4052025644295347,1
-0.8325474199216101,-0.4755197599902038,-0.2781870276771647,0.6118375357743462,-2.9212277020738697,-0.72310519383669,-0.30742066067087126,-0.572065612546172,0.5720656125461715,1
1.3765187011855051,0.09892843691582007,-0.9976314065510207,-0.7176491090960224,1.704593426598517,0.5470531816934339,-1.2982634006164904,0.8712480374518475,-0.8712480374518468,0
0.41324210054502,0.27803576284734527,0.5255403963127393,0.07521421787179211,1.6209699683727279,-0.038959439129772136,1.5300947103015594,-2.8843944169300646,2.8843944169300637,1
1.9087999977569008,-1.0978526862446565,-1.0515423787683182,-0.4450650920239897,1.5942798531831555,-1.6177353614543453,-0.15069345773965634,-0.10593201054969514,0.10593201054969445,0
-1.276540018510048,0.44209962632052724,-0.42768558611953683,0.9932467059481406,-0.08884711957920842,-0.5825387464695357,0.2892546132708206,-0.6791766022323511,0.6791766022323507,1
0.8317552074662845,0.30542866694764786,1.0428130392915869,-0.8133781370581544,1.786369430842672,-0.49658434049436795,-0.787633750344457,-0.6744235037214088,0.6744235037214087,1
-1.4202017938693714,0.029694987568326135,1.668574856671856,0.06781817567673377,1.2877737467420223,1.4451415920374309,-2.130471404254733,1.5850975469264907,-1.585097546926491,0
-1.3125508209030798,0.5127538821361171,-1.4429472720153966,1.8179010318700362,1.3759054964010806,-0.7848760658826825,0.4017678674347238,0.7657804194462452,-0.7657804194462453,0
0.2780623118665389,-0.14235748782869942,-0.9403897635420879,1.56507995955645,-0.6836903721821148,-1.1892216788023737,0.1994998776339011,0.709755813757601,-0.7097558137576016,0
-2.416156384239235,1.128417230246058,0.14968269476105558,-0.7045013066142817,0.2231449446103673,0.10159251789756761,0.27216848841456326,-0.3988009403416029,0.3988009403416029,1
-0.9583805792227594,-1.0926309120730466,-0.0850258925436209,-0.6792991218883999,-0.44309518603805226,2.5379334162137206,1.2461715195686789,-0.10560888029454524,0.10560888029454477,1
1.8474987364207098,-0.09902193578143503,-1.0671942112517554,0.0706813060734982,0.8019576315162629,0.8819368760940267,-0.0189263457016841,-1.2750929620139144,1.2750929620139142,1
-1.579164443172681,0.9696400222763966,1.161772840417654,-0.25998252423606527,1.7798208407977638,-0.8788850941440937,0.49518309325527526,0.565228536145332,-0.5652285361453323,0
0.5983116740097381,0.3950023371504775,-0.134352356824605,-0.4612501996075671,0.4318766447712847,-0.18063432601838086,-0.9685327970543299,0.6501663774278664,-0.6501663774278665,0
-2.4132780528244258,1.2380310106368018,-1.0710284618734796,2.199081553126808,-2.28617300794278,-1.3628338737889782,-1.9216955006932477,1.2792929954367134,-1.2792929954367132,0
1.0202859586046769,-1.628192266862005,-1.1248115025412517,0.21223554611493137,-0.5034802634016003,-0.33919476836531653,0.4081773019253397,0.05882398159212299,-0.05882398159212298,0
-0.7110282271494912,1.3709309637996823,-0.5460025035062172,-0.9535631452576244,-0.4014758859202211,1.865009473844698,-0.3835891629330905,0.778811118020694,-0.7788111180206941,0
-0.3508822861211314,-0.5576686955626361,-0.4489915919038004,2.2911189902683775,-1.2178896694929644,-0.2887815854346483,0.21610933286756126,0.5228877874815399,-0.5228877874815401,0
1.3821595158161426,-0.1598129764777972,0.94259424254444,-0.7878385441347527,-1.331849494755225,1.7449586606521899,0.7651963757136996,0.3919586127516803,-0.3919586127516807,1
-0.5241519167093813,-0.36001728915669173,0.15106316460861938,-1.2320053260086927,0.7429335485284099,-0.08079571919067693,0.8705226380103245,0.764035046267352,-0.7640350462673525,0
0.38150511695027023,-1.926813902290908,-0.8502509861254136,-0.8207756753875755,1.9162512499788307,0.2083286636177233,1.011912793904461,-0.5220156277303372,0.522015627730337,1
0.6491756354520677,-0.12866732451256147,1.4915764617111658,-0.4304674185183988,-0.4396317299982394,-0.2208264024291761,-1.1294104192495056,1.553980956987571,-1.5539809569875707,0
0.07996966374435406,-0.41959761851568206,-1.4429472720153966,0.2927876242545334,-1.5033315938251512,1.667598467534739,-0.296130869890615,-0.7440020468042451,0.744002046804245,1
-1.1730565954339087,1.2388072381704358,-0.38542923300593007,-0.6834867274937554,-0.8087063066095171,0.699152765799054,1.11507380072237,0.4223985451415226,-0.422398545141523,1
-1.4132613065944524,1.6160264337349228,-0.9702015577382535,-1.1524971876230334,-2.284523622740281,0.7667501103320215,-0.3072026104699164,-2.263683790851983,2.263683790851983,1
2.062766448115027,-0.2869424056825163,0.5643716891352798,1.1166865895619416,-0.4814126323493258,0.04138220892300972,0.6142835749087076,0.37995563289197554,-0.37995563289197576,1
0.8544224024475569,-0.10915976044344208,0.08172638185900802,0.17986192087961567,-0.996516797806114,2.2633476091811784,0.2691804963232521,-0.5311498111301531,0.5311498111301531,1
-0.4726848223404173,-1.2624500009503161,1.1773038172817856,0.007507706191108862,1.4167193252465269,0.23834155016492212,-0.45374880319998445,0.7665941652671944,-0.7665941652671948,0
0.5282705348749289,0.33998773370844393,-0.689590324346922,2.265028591814934,0.791815898126936,-1.0065881102434675,1.4276295357456334,0.7313585357212096,-0.7313585357212098,0
-0.5813554996458039,-1.029574284629568,0.07721809137298558,0.26871233897695757,-1.2147127725393658,-1.2578393704511903,-0.8651828631057397,-0.07810504294494579,0.07810504294494532,0
0.23439266234223838,0.9095816022775814,-1.0267970875471315,-0.36384553246806167,0.5753015831154352,0.08351283266823396,1.1468746589110967,-0.08908204071953721,0.0890820407195365,1
-0.24025976571611488,0.23786872809847207,1.5063921686203274,-0.7535517785716985,-0.47143441709790146,0.550577104935971,-1.3024913423934295,-2.323150781325191,2.323150781325191,1
0.4058915121214918,-0.4723827750084471,-0.0952817841942137,0.9921602671238495,-1.9142084014092793,-1.4244970362995224,-0.22112879680318603,-0.8071845260365271,0.8071845260365266,1
-2.3975069919099963,-0.840798849291053,0.5524709971886761,-0.38386345793974835,2.1652883179530886,-0.5959648466718769,-0.3439012873517688,1.2602770443991818,-1.2602770443991813,0
-1.9912405103294364,0.7696368011119251,-1.2285033565874017,0.49239026804348196,-1.5072911045052186,-0.6486465884029652,0.2500461759146486,-2.670281106646735,2.6702811066467347,1
1.3517213891285145,0.8845120658636086,0.5655677887273451,0.5338083138779021,-2.0007253348990086,-0.5757002416575052,1.6586369389995947,0.06938866073099731,-0.06938866073099731,1
-0.6530719060230561,-0.07686939451470082,-0.8179714629044257,1.4797966283617316,1.1931561596282214,0.5539893469030103,-0.6804961369090359,0.8213966565172712,-0.8213966565172718,0
-1.2455715297101604,0.06369754369014985,-0.05136656950361854,0.5456678567644228,0.7426072382451095,1.1945602549583036,-1.3194815877654311,0.21300803975019963,-0.21300803975020008,0
-0.022381756926673824,-0.6487155591168737,1.6201520730742165,-0.16682303670598106,-1.2046274617363602,-0.21620915723440376,-0.31494493442565885,0.1667597610695975,-0.1667597610695975,1
-0.23400046829781043,-1.4706233945552343,-1.0127247752981894,-0.47955715094962154,-1.4257505308966056,-0.6867639356509744,0.19290799835316516,-1.3455378434349408,1.3455378434349403,1
0.1731248521523138,2.8262525350976904,0.4759708060394157,0.7030995472972125,1.0130745376089438,1.1185247431959562,0.054413858708491934,-0.024099039359041678,0.02409903935904122,1
0.32957865452038604,1.0157594360902844,0.02380978154584321,-0.5614284086191695,0.5352867224545029,-0.12033810138147955,-0.1978450482474358,-1.392825342503521,1.3928253425035204,1
1.8742101894185343,-0.4253421170418742,-0.614932342697773,-0.7257049921645677,0.6594882865144301,-1.2102834435932008,1.2101689766563917,0.04446605101617484,-0.04446605101617507,0
0.6002029399194257,-2.6527426033789343,-0.043056125473848975,-0.2719622025955979,-2.4777793406369675,0.8034932546629662,-0.6909166798585565,0.650339513161586,-0.6503395131615863,0
0.8503145188109478,0.2256366103807724,-0.6166434885669688,-0.7013581692442853,-0.15102764525767137,2.070297547713054,0.4820508181480133,-0.1917242573161913,0.19172425731619105,1
-1.4774006455623327,1.4454978166629795,-0.010615596448978769,1.4757985127536006,-0.7351445373962875,-1.6507491353933146,1.3433137951280512,1.0787021834738375,-1.0787021834738384,0
-1.4437431314282612,1.2739917376278467,-0.4349358090735525,-1.1895836908795436,-0.07843697691306749,-0.911734875236716,-0.19530844615487195,-0.5682560728623306,0.56825607286233,1
1.0464802580661672,-0.4811094433333658,1.5837946424851501,-1.0221441038950085,-0.29403691955881317,0.6459715289495384,-1.549374139109444,-0.37785074042791533,0.37785074042791483,1
0.15268480550040012,1.8976981586904893,-0.46980596129478736,0.9424796608894206,0.15154241662998727,-0.3058146655600531,-1.1337073550084864,-0.8530987340993922,0.8530987340993921,1
-0.21194479028962865,0.027873416879482076,-0.6811607230547667,0.6446859132089736,0.07639803967837787,-0.6955540528335589,-0.790240558504779,0.8925705981095201,-0.8925705981095209,0
-0.3653058731834245,0.03365709525145233,-0.43381126452572655,-0.04705584363226751,1.3162246101520567,-0.8705730236368622,0.9198361274761853,0.4475237108163271,-0.4475237108163277,0
0.05799893870967954,1.159136971938429,-0.06854482006974458,-0.7002458933001547,1.3597705167409833,0.017951319358533283,0.11152701439839752,-0.05557463937163866,0.055574639371637966,1
1.350438028599259,1.0476591277520912,1.03072780864606,-0.6329115399583671,0.0175461220752179,0.29947710067981403,-1.7076067442482026,-0.30748196302442526,0.30748196302442476,1
-0.4762271449195632,-0.4791595549335151,0.26211663161694543,3.0341221709495043,-1.1921360634557592,0.4447020839290573,0.2508326892735285,-0.05177432433842997,0.0517743243384295,1
-0.328150548383055,-0.08819702402918314,-0.07022643665441923,-0.35253622657954264,0.05619836667520672,-1.3925971098108574,-0.7994643617030934,0.33266906274246083,-0.3326690627424612,0
-0.44468390842479366,-0.0431675447832827,-0.2806944746552071,-1.0724868497445723,-1.6522984549515911,-0.26308382938824,-0.2764724102169864,1.1139385816673568,-1.1139385816673577,0
-0.07322435530080756,-1.8873318567607318,0.25156327013049695,-0.7006726374098667,-0.036450041940484616,-1.2407518819626973,-0.013627535667564899,-0.8607898754225433,0.8607898754225431,1
0.575928269720859,0.32622500570550544,-0.11735264981331547,-0.5751600448444107,-0.6177921626678231,-0.10467482364442807,1.2789860708488456,1.3964601758613318,-1.3964601758613329,0
1.3602178439757378,-2.134762199352989,0.6542155211588235,-0.8242708341943124,0.5505389923300409,1.745552322772104,-0.6920075481831361,-1.1042853579527856,1.1042853579527854,1
0.08152885137754395,0.5004877138214289,-0.8022210240681855,0.8804043840722184,1.5015388764124482,-0.8558117518141699,-1.9238325908800167,0.9879659657029115,-0.9879659657029111,0
-1.6811472452366119,-0.07925964475377767,-0.2723389150502295,-0.7332482683037623,1.358015717911216,-0.8794099190795446,-0.04987954892333269,-0.9500007694146841,0.950000769414684,1
1.603599270725628,-0.6757679755542976,1.7690535952297461,-1.236755989606857,-1.2497198317965574,0.5704924221899794,0.8625165076233381,0.4822934917495224,-0.482293491749523,1
-1.8916841703930956,-0.9724076381817676,0.5756541231174384,-0.6431320683260465,1.5534661918617172,-0.13698531977682002,1.1272856628695587,1.467345891815521,-1.467345891815521,0
0.11365007200198787,0.9497086081918149,0.10855855867172756,0.47381980824356834,-0.9524856972049202,-0.05433570667749279,-0.11912226236321527,0.8030202519042564,-0.8030202519042572,0
0.4020195001523926,0.09435195146641161,0.6804304281366679,-0.8717559959445224,0.6997036304280578,-0.7197131592665951,0.7142205586287778,-1.5694322322394292,1.5694322322394292,1
-0.5850746366300504,0.4544159770566281,1.539701928833301,-0.4460929789214696,0.18664211457407898,-1.2842754672218637,0.06049229020716683,0.4145595120665185,-0.4145595120665189,0
-1.156719156209677,1.2695158469151167,-0.19875677292476676,1.3522987599688405,-0.14738574424710843,1.3336885921911632,-1.2510591801628652,-0.07015967962053656,0.07015967962053654,1
-0.17916289827635729,-0.004409018034243789,4.0687290724009,-0.5161776072712871,0.5917222571066287,1.4708836253636997,-1.3065457487909837,-2.3698551277631474,2.369855127763147,1
-0.5465993495688838,0.8972660628451458,-0.07750990934115208,-0.07084930798196133,0.5925640808259238,-1.6488732295549926,-1.0765191877604507,1.0836078500560231,-1.0836078500560231,0
-2.9717589712093546,-0.13618408677000274,-0.7034169872215146,-0.9678763596585915,-0.6494031116795028,-0.7984595149713831,-0.09814196070028508,0.5229624283824719,-0.5229624283824718,0
0.4074754541554987,-0.22349056845725826,1.4069902068549545,-0.8074316060102587,-0.2208641272361814,-1.341247578540093,-0.6581546760771644,0.8342070283652812,-0.8342070283652813,0
0.5465891995761935,1.0769386100925866,-1.160773795009057,-0.5928334088223918,-0.03047961160031079,0.3282753899596145,-1.0920551068228013,-0.8711411602768221,0.871141160276822,1
0.10459959968819234,-0.8119999350899677,-1.331324488824721,-0.9567584383794127,0.049713111753256635,1.7017823590436265,-1.4760716455914447,1.4205104607617218,-1.420510460761722,0
-0.21352840780690938,0.10319214254786079,1.7527948984140944,-0.20794167800617525,-0.18900599000859744,-0.6694200264498505,-0.11292149410163581,-0.4750219522593251,0.4750219522593246,1
-0.09701619337004616,-0.1601078817106827,0.23227731757015962,-0.960268835002472,-0.10004495871363936,-0.14713814432677338,1.2611945708383292,0.45470097893052047,-0.4547009789305209,0
-0.9829725253734733,-2.2032367771225925,0.2064626259985576,0.7275143339140178,0.365504958142656,-0.16230600462267475,1.5878432774627713,1.2572105568697758,-1.2572105568697756,0
0.7493570347613202,1.0201778717822998,-0.9454937318460956,-0.8797412997783023,1.2539916076708175,0.5792800599464337,-1.4194046666556988,0.8612054422701623,-0.8612054422701627,0
0.4556315200725589,0.8604367825661884,-0.2853716844864154,-0.8737368357994422,0.6719825812274542,1.6197511278487788,-0.7952236456173328,0.7700472508946234,-0.770047250894624,0
-0.4940002650700137,0.06446994895216358,1.1683692160277392,-0.3128479882354381,-0.3078111706787669,0.5103504558994392,-1.7527223990526577,-1.1030543780757267,1.1030543780757265,1
-0.5237008968856941,1.1815762732754584,1.8960396584679142,-1.0133094297054455,-0.6851377551520942,-0.7577118289975487,-0.6228129588475255,-0.33731162427014916,0.33731162427014866,1
0.2445624215892342,0.1018948635342679,-0.7724937110817537,0.4294919077110807,-2.7620209082501366,-1.1537442246097462,0.027426124360094565,0.896536279714247,-0.8965362797142469,0
-1.292050733799704,0.5747094000152195,-0.35078370217150984,1.2443107924824706,1.0004198561686704,-0.8026195158121221,-0.5632096279246465,0.32026220103450653,-0.320262201034507,0
-0.3262037219056187,-1.3917585583740133,0.40695091184937154,-0.9239020807878978,-1.2721295271848458,0.9858664080666769,0.6840793014709757,0.5152378253637369,-0.515237825363737,1
1.5978228471445186,-0.5400741557166507,-0.5666993814928093,0.0028554947884643286,-0.21001964278397137,-0.3329291099145884,1.5176684575006985,-1.2291532908093714,1.2291532908093712,1
-0.36732637169966315,1.179661125384042,0.39558815037695355,-0.5400141957630489,-0.8585599759908046,-0.7727111659978285,-1.9135330608095857,-0.8696153243599497,0.8696153243599496,1
1.7491836183207354,1.573561184238317,1.069605718740297,-0.969556023950013,0.022602678964573443,-0.2271885245065597,-0.506408385809119,1.152283735740185,-1.1522837357401847,0
-0.8380904262133622,0.16043407890238992,-0.030078944011066196,0.3625122361975239,-0.8221475423151507,0.2698827427478895,1.047751468339819,0.10583542014663398,-0.10583542014663397,1
-1.0563578735185208,0.6776668958880092,-0.1459663449132794,1.1393032590580594,-1.172688127393377,1.1672351890432107,-0.5921326284770655,-0.5385865175862043,0.5385865175862042,1
-0.1546162292283386,-0.203716958698163,-0.21901042733825835,0.14422297010900273,-0.40405888118473854,0.46820331400206683,-1.250937231362881,1.064729263814133,-1.0647292638141337,0
-0.3203259593244466,1.558519467714824,-1.170992193472039,-1.0407655649646113,0.7187478684561153,0.26464423079553295,-0.5701546323847821,-0.9296466027349433,0.9296466027349432,1
0.9199502714479117,-0.8505625383558898,0.9874862885685316,-0.6357265683251021,-1.046697374363665,-1.6080171879584242,0.3298878177315025,0.2951397635969866,-0.29513976359698707,0
0.9515579752585073,2.481278984100142,1.6185294063688607,-0.8764519511495813,-1.2742648185328802,-0.22509481159846836,-2.1780702549693363,-3.6174882168771725,3.617488216877172,1
-0.09702297031596582,0.15761483227440462,-0.7600364981836516,-0.2707756696468033,-1.1818586130689837,-0.6751701672416521,0.2962639021782808,0.26791269597518724,-0.2679126959751874,0
-0.08337303935686172,1.0984804119143463,-0.5980662494899105,-0.1101860695429466,-1.2220293070168495,0.08330863406384878,0.22692877272466314,-1.3445065688125906,1.34450656881259,1
-0.8708087192182953,2.3088923996087014,-0.15190286412376053,2.018148738757455,-1.1356574326985436,-0.649130667893453,1.4299933438431647,-2.5915992228919613,2.591599222891961,1
0.2773439154525262,0.40634349644547274,-0.3661877015923314,0.322811818006594,0.2710980733055888,0.08675770540437255,1.4978417059736562,1.5887762504895737,-1.5887762504895728,0
-0.17708852490744595,-0.5803049102251328,-0.11241224767956844,-0.8303221989626003,1.9926975840913472,1.8418572935760995,0.7608126698548134,-2.212506236123248,2.2125062361232475,1
-0.3608354885678607,-0.4107745498526353,0.42549382917728057,-0.6055162693750037,1.1928340809572657,-0.7607489019254406,0.2518683936897443,-0.6682034338292717,0.6682034338292716,1
0.26425342010162917,-1.3112131947048482,-0.8699468102802644,0.7384261795475914,0.3750527363778893,-1.6917674189278307,0.9107543115603565,0.8681135440914975,-0.8681135440914978,0
1.635847863461781,-0.37525645649410977,-0.8082851741534796,-0.297482490911184,0.12113086485820579,0.7525670992326579,0.5736560973623303,-1.2404403517542613,1.2404403517542606,1
-0.6439991742869855,0.2303698447585118,0.0014771880612494026,-0.5551774767208382,-1.8425696478234002,1.3953962982559385,-2.454820751191321,-0.34588279541236777,0.3458827954123675,1
-0.41675936867782726,1.3649162236195762,0.08229653166310565,-0.22855486360241595,-0.09512815211761118,-1.3933982243485634,-1.50904112532786,0.18106287472276472,-0.18106287472276517,0
0.045809680656970504,0.11710474169765134,-0.06876257056356036,-0.2160321097989595,0.15299418204543783,-0.38092167377875685,0.03101924586003836,-0.46716699794757527,0.4671669979475752,1
1.8203818368689055,0.2986227371816476,0.3849541381545947,0.18494351984311805,-1.153908252559971,-0.1522498895768577,0.7936781274470394,1.3807875693641085,-1.3807875693641085,0
-0.17850506768906083,-0.47844480846156473,3.3573193917478936,-1.125402357674671,-1.2245530708295032,1.637492034541259,-1.7365609334584058,1.3256681389382026,-1.3256681389382028,0
-1.378358617909364,0.7134294011734733,4.960923088230789,0.8710507579964051,-1.144961466041219,0.9758967211817178,0.3872646554755104,-1.9264480518295437,1.9264480518295435,1
-0.9138050048782836,1.7482756419095902,-0.23517538169011779,-1.1895416298941013,0.2461680228252206,-0.8817513472037906,0.20131096818282304,1.20417886121681,-1.2041788612168098,0
0.7962451712872332,-0.5448636051014384,0.33012713624904627,0.40667768483147865,0.006751797384964588,-0.5105308700931268,0.44519585450380406,-0.8269488987938933,0.8269488987938932,1
-1.0280551844608097,0.3540859589294634,-1.123015740546481,-0.5033245068056614,-0.011177535144891115,2.192339267087003,0.9293207834631066,-2.562251093154794,2.562251093154793,1
0.46312801856025565,-0.19989214197110836,-0.3556010768528364,-1.2835722510242693,-0.04526397083885073,-0.15438301008314567,-0.3517241985364232,0.3547399700021621,-0.35473997000216206,0
0.8596555953773427,1.3497672848115965,-1.0262776489491694,-0.7537067688254124,-1.1472315163279554,-0.04307178439402984,-0.12829865657071046,-1.1321780699853357,1.132178069985335,1
1.653793144638503,-1.8256148095706768,0.2926571439681606,-1.043627520946063,-0.2250114594534987,-1.3851991856434582,-0.16397475589310664,0.9525045959158345,-0.9525045959158359,0
0.5738986743885492,-0.638864871935024,1.2053776047358251,-0.9437471279854389,0.9864695699618761,-0.7462359906213463,-0.22430889704857318,1.1885357000099501,-1.18853570000995,0
-0.30497388597058395,-0.2961327651194736,-0.7671640618437381,-0.8097289096180607,0.562332129308317,-0.892531479844046,0.019222480231919553,-2.235304225232614,2.2353042252326136,1
1.823595239505981,-2.317740272725848,0.5354661856933106,-0.7193285369488406,1.4998545615878447,-0.04981709049726883,-0.814224001524809,0.7663167982114069,-0.7663167982114072,0
-0.4142631343638768,0.9275966750425154,-0.26816693188936314,-0.2498594224182989,1.1806053381150792,-0.2248917089396622,1.3592281271875273,-0.49278744659523344,0.49278744659523294,1
2.9476941396281626,0.07517169648238446,0.5005140662844294,0.33862878024292115,0.4174422666806011,-0.8147237672883562,0.3611257155797321,1.084215701816172,-1.0842157018161722,0
-1.7292829850515155,1.218336126072191,0.8625853953873631,-0.08722248998485785,-1.1652506345970075,-0.3652232443617686,0.29867553503911687,1.4414323547635803,-1.4414323547635803,0
-1.239419192379686,0.07089677727488565,-0.47632605922205684,0.4567569865563395,-0.11804930332186873,-0.6650132386030696,0.8900476376426045,-0.5106659387966344,0.5106659387966339,1
2.629296754973678,1.744263606040294,1.5059831866061828,1.6350093125143847,-0.7022621719395141,1.7972862193858667,0.6907927147324154,-0.5429720881836709,0.5429720881836709,1
2.1700851902755725,1.2360818930883215,0.01970791684032487,0.3720781087187932,1.6226271531443797,-0.6024674481349933,-0.3129328445721359,0.6097031188111375,-0.6097031188111377,0
-0.2807343355629237,2.0361554794159322,0.09003728623022382,1.9000373391121146,-0.29726425234227044,-0.3606430675120048,0.3484721593192041,1.172001258391029,-1.1720012583910298,0
0.4647071605908321,0.2629302500650135,-1.3318657585707745,0.3641574852970237,-0.1627692200319929,0.32257120264119704,1.2590106580591882,-0.6012370222641721,0.601237022264172,1
-0.9568919349961369,2.400065407948801,-0.8017222067894788,-1.160099228889716,-0.24639590186294044,-0.8588796606539505,0.8426526637192988,0.6693963094205744,-0.6693963094205748,0
0.2176915865742167,0.36261433145219607,-0.4319383966553435,-1.1341319499873668,-0.35464461676841796,0.4263444897851015,-2.1786333075239925,0.8387293705392388,-0.838729370539239,0
-0.15110685396131998,-0.9663358603388417,0.038286834549134445,-0.1961223752711387,-0.9507868265077908,-0.23290001156571022,0.9897128297505787,0.47813180969976665,-0.47813180969976704,0
0.6071427235591074,1.6446082212920705,0.06854851169650145,-0.5599111655095454,-0.9051084217250166,-1.5546383854880739,1.34509097509702,0.8399430505831452,-0.8399430505831454,0
0.21162834711547068,-0.24626104286292635,-1.1578657798092307,-0.31341720381036,0.7651319541204977,2.0667652836313257,-0.6988041346291038,0.8250060771200745,-0.8250060771200748,0
0.250570752768095,-0.894469103695239,-1.1543297836719548,-0.05931648987121714,0.5142603000151715,0.1671759236348312,0.06094970619417503,0.20487274926731744,-0.2048727492673174,0
-0.861639998971233,0.45239940875717305,-0.5145220737015754,-0.5978225112664676,-2.6504115645599926,-1.42322118820963,1.2356244089839237,1.0931729591269808,-1.0931729591269799,0
-1.1570708633220455,-0.5698485564978124,-0.7611669429798018,0.4015663521948726,-0.11243528761376077,0.12573685787878147,-2.321741803662304,-0.1938927178140703,0.19389271781406983,0
0.1335364067829019,-1.8128408889868395,0.37218423045295085,0.282170396777246,-1.4556581817154544,0.01071043186797063,-0.6627406319171057,0.2993545545778501,-0.2993545545778505,0
0.1221117398618771,1.2737377089490063,2.0868657209323445,-0.621379504031837,1.306597232822908,0.2229535810824041,-1.161962039645721,1.3665951266463958,-1.366595126646396,0
1.3321759012549164,-2.7400783969099116,0.590972038576142,0.4392386861529257,-0.3912446070151023,-0.7652623522268579,-0.8751609999228841,-0.1516535611584201,0.15165356115841985,0
-0.2733963140710025,1.4128635188357053,-0.3431627018067879,-0.049280914429997394,1.1708728152110115,-1.066087941307062,0.09114535734591138,0.71663116393744,-0.7166311639374403,0
-1.4601867260600827,-0.4674602110019919,-0.6276051960478285,0.08789063216447109,0.1704512547769173,-0.5596978580287868,-0.4818535042421028,-0.023645073369801473,0.023645073369801012,0
-1.442681146663524,-0.1643315692893811,-0.9300674094328604,-0.0545211759989051,-0.5648579993589748,-0.45486414985751505,-1.1195768853240287,-0.44154952534739367,0.44154952534739317,0
-0.9431804321766364,-1.2581063220241682,-0.1598246676726152,0.23955387107200568,-0.5002042650899736,1.2898028282380163,-1.6348381544071713,-2.212940873599344,2.212940873599344,1
-0.8518170747527067,-0.9298211350019039,-0.579594570768881,-0.4420607287030289,-0.9649358080685575,-1.5234495715959824,0.6117922189646514,-1.4621636001299063,1.4621636001299056,1
2.157598081395191,1.0960852428188579,-0.3558431265846172,-0.6577592861509896,1.2903983272703168,-0.6127353132844561,0.05954555489718393,1.3024899514117603,-1.3024899514117594,0
-0.9692983671455887,1.9375019360601036,-1.0294718105991216,-0.6906653144696779,-0.7733549605224189,-0.9163571847271066,1.126411173679927,0.071945139182842,-0.07194513918284245,0
1.4612978438321156,0.8257870208603701,-0.5766538914955045,-0.0601030639209055,-1.7131315738021002,0.958003946530892,0.9777089263569895,0.8831010372730318,-0.8831010372730314,0
0.6264915276978352,-0.1382147370292586,-0.11288940366652847,-0.5716863090071841,-0.8778127643205023,1.5338840579801942,1.2123823672906058,-0.24121375828056027,0.24121375828056,1
0.024983596766348728,-1.4139688461216435,-0.6341035640102082,0.21803909641487887,1.9057050387082497,-0.9300930444934402,1.2627980485952466,-0.3452679871220063,0.3452679871220058,1
0.25766841045505384,1.3370177816616768,0.3137479763004588,-0.6308223829319188,0.4258361234325165,-0.9596369075910087,0.7763551101143287,0.19310473076537055,-0.19310473076537052,0
0.08971988908249684,0.7896915079740705,0.17403234544307758,0.4568108965831917,1.328373590422437,0.2774124678310088,1.229175367247708,-1.0012668688004376,1.001266868800437,1
-0.9553337985553113,-1.6619387838096735,0.17964711239015851,0.16198697221827557,-1.3241550374183042,-1.062021324734107,1.6595769259930797,-0.5425981310178796,0.5425981310178796,1
-0.7378321830421936,-1.5547688399008692,2.6113043809271597,-0.128680221177672,-0.3804002910642832,-0.7461869624923424,0.8464867882381025,-0.530105918940949,0.530105918940949,1
-1.6729032316070453,0.3388137843006732,1.4406967951129421,1.5697462498299446,1.5649554324575716,0.6361488333650296,0.5273663477699498,-1.1422480760332718,1.1422480760332718,1
0.144662244358549,0.07276286595221503,0.1763378976265948,0.5695846266674206,1.0545990218874262,-0.06172886891891769,-0.6138484493296451,0.9146438404156683,-0.9146438404156688,0
0.45093591240009484,1.5300401230854095,2.919250904561789,-0.2581141194810725,0.7306808940685726,0.1464124654500686,-0.07936612797127886,0.49296128910867765,-0.49296128910867804,1
-0.720698914817354,0.3921254850328277,0.5811723935211724,-0.6284031385235558,1.4513554046747394,-1.7771766999321799,1.215061243779801,0.8633073072837324,-0.8633073072837331,0
0.7619236866347386,-0.8648509508075622,-1.0538093936285025,0.6227962750443047,0.979885301361916,0.862631181127568,-0.3530964983019663,0.8097379087921995,-0.8097379087922002,0
1.635667458549039,-1.1248008746627345,-0.28221124096402866,0.7750059070799121,-0.772680994500659,-0.702922299769486,1.6170394614346104,0.7801463568813819,-0.7801463568813819,0
-0.003440789354081144,0.8130505219565376,0.24001967733406035,-0.11004169004013442,1.126963049963354,1.3659940705725753,1.5145505992033126,0.9969200007541765,-0.9969200007541771,0
0.533381747669272,0.3791901096589436,-0.4583684090883519,-0.728802120894158,0.02647823246703576,-0.39313497191656066,-0.25194751240946434,0.47528900449289313,-0.4752890044928931,0
-0.17550418471680262,-1.3426022934235236,1.0299523903443926,-1.1252940546939727,-1.5647858189336807,-0.3306286136995688,-2.662867944375658,0.1622320101484639,-0.16223201014846456,0
0.7541990237514041,-0.17573202885905492,0.06133159736567912,0.2955264765896902,-0.48011933831683,-1.6132878864291509,-0.6298779177725888,-1.7231245568412368,1.7231245568412368,1
-0.28592250150269044,0.6089614907295049,0.34953957746049763,-1.1302944793105183,-0.5712765398736823,0.3623276887984473,-0.8911488913753414,-0.69304185159353,0.6930418515935295,1
0.24798245016952042,0.5285979509870133,-0.0924963774996952,1.2069483067180322,0.2099600645382293,-1.1255644662889688,-0.1325143551111873,-0.7701838111057812,0.7701838111057812,1
-0.0002643897332209658,-0.498259493421634,4.336640424385473,1.8002384167616994,0.027255203506259807,1.6612402760520764,0.1530942503900857,-0.7737539447396282,0.7737539447396281,1
1.5030852839015496,0.6062107010744933,-0.5079814058914822,-0.28453272773952987,0.07479966475128873,0.41706815662469576,0.6024347330258575,-0.06452702363102497,0.06452702363102429,1
0.3044125390070513,0.3330191330482468,1.0227319020884467,1.9826621757063232,0.5577340032953829,3.068642569002513,0.4410753664646303,-0.3976554803787253,0.3976554803787248,1
-1.1277257371804537,-1.0215806887260175,-0.9410391454039244,-0.9034068755564909,-0.7663281963074764,1.193519676611799,-0.14361212128299464,0.4547969360626876,-0.45479693606268806,0
0.0010723819932114218,0.7871428236717231,-0.3754844413293935,-0.7276392383393313,1.7761698250533404,-0.37375679021180164,1.1466224403159528,0.5105940061376566,-0.5105940061376567,0
-0.06867994972833925,1.2397644110304147,0.25289164245747925,-0.9142819180079758,1.104613733366829,-0.9001959384110374,0.06887050042472774,-2.5145565430750136,2.514556543075013,1
-1.133910425950817,-0.184327903570846,-0.7585698412810299,-0.6427157431442404,-1.8219882196177282,-0.6538126831682722,-2.1035428196705,0.130680430778786,-0.130680430778786,0
0.28775004343205884,-1.495653182210857,0.1772830463713229,0.8191802380713769,0.1246916493572073,-0.1620453408256423,0.36366070993062144,0.6650816885509511,-0.6650816885509515,0
-1.2109064516731842,0.19559382147785498,-0.7612191276502557,-0.5233192713089204,0.9327369373557587,-0.14987999235848243,0.536996430792609,-0.20576438836162797,0.20576438836162772,1
-1.6847707602978765,-0.18439788601574778,0.8535842469833209,3.271329372768601,1.8051404351516562,-0.7267149947323481,1.5437435312183356,0.3537602192393488,-0.35376021923934897,1
0.9139373255979694,-0.8929207348715628,0.11515071705547048,-0.8614942134802154,0.9898033787746117,2.1664406626410115,-1.612514132210085,-2.2959144906167333,2.295914490616733,1
1.8111159088509108,1.1493519695230288,0.1081589299426507,2.095413193536042,-0.7184238485400931,-0.6402512294726932,-1.5000655089507111,-1.957361412707011,1.9573614127070103,1
0.9473945633664304,-1.9036455634766463,0.4304183865712931,0.16174186493889406,1.5460316587913845,-1.3630634278465332,-0.6325512131975229,1.521044960267812,-1.521044960267813,0
0.32710612603734945,-0.38172787629972504,-1.1196823211867177,1.3729232718876354,0.7369150925226063,0.9297093515213043,0.23128595879518143,1.1069616998333571,-1.1069616998333576,0
-0.39644403616942775,1.174703640870518,0.5719806039555716,-0.8060245072340263,-0.2567748803769213,-1.0875619811173038,1.387265123853581,1.527560748452529,-1.5275607484525286,0
-1.3710220186973752,-0.40144388911861106,-0.3100660658929325,-1.115470928196464,-0.37328214839051105,-1.3399280612269018,0.8380903804122307,-0.798315182380565,0.7983151823805644,1
0.3119662710495866,-0.49900591233927677,0.6031992728063307,-0.1214483468332776,1.0809404091644021,-1.5451422077892094,1.2007457059070763,-1.3029847589050585,1.302984758905058,1
-0.2759130673431352,0.6266711052616011,0.4570399109998451,2.0934486937626557,0.38417409451554724,0.16960598340617822,0.3355922313493985,0.7602161487574463,-0.7602161487574467,0
-1.1509472655384998,-0.07861318417661468,0.48959915950264354,-0.8096417730161629,-0.7865242837277986,-1.5584010533704098,-1.0898562341178362,-1.0241293707012504,1.0241293707012498,1
0.5382854470704054,-0.4979566880338253,-0.6812802074517407,1.066665157079808,-0.9493386494094788,-0.30235906763104503,-1.7827065864148037,-2.3435010201852684,2.3435010201852684,1
0.04648881052104173,0.4754417053084498,0.11754514456565228,-0.19920191532594833,-0.6187852215718802,-1.2643822605563846,0.49265011355461963,0.2505833331016562,-0.25058333310165665,0
-0.6189755304142903,0.2383300157295495,-0.36032763270852475,-0.7097074899049349,-0.13011261603591665,0.05065913615511839,1.4444885460962897,-1.4199639980258463,1.4199639980258463,1
0.847249577185176,0.6259578525767943,1.193357381643014,1.6743187827908852,0.6496536697283376,0.07495390015473415,-1.6105728674999649,0.04151372486679983,-0.04151372486680005,1
1.5352624114141278,-1.7701679144784583,-0.48105524002020317,1.3653841607895507,1.4830714519432293,-0.673513896671504,-0.03820436616229465,-0.05707782804522723,0.057077828045226535,0
0.35741911651916564,1.558865196137812,-0.7274521501621499,-0.8244751848363546,-1.5924327287639988,-0.29891723907049156,-0.5594451688974257,0.9447038216496851,-0.9447038216496847,0
0.48790500788094215,0.2601433770195172,0.09237693914616527,-0.9215065382437605,1.0250068740073879,-0.6670053052511793,0.1822693006915392,1.0540431643627397,-1.0540431643627386,0
-0.9195705426080939,-1.9853796796718104,0.39274072958442036,0.02924743747096571,0.42792103419607425,-1.689899252026784,0.40956262475388533,-0.23316119678336772,0.23316119678336703,1
0.39954967940335673,0.9700137793788579,-1.1074720650306342,0.053619994470954745,0.4253317311260232,1.527932790851176,-0.1276916588289901,0.9044627481894837,-0.9044627481894836,0
-1.3642383529330147,0.6725427631775825,0.48398991136099373,0.5590399854633457,-1.3298817661344773,-1.4964798652534337,-0.2604136323596314,0.4816972857126894,-0.48169728571268955,0
-0.3508197929812442,0.6160532770116184,-0.8841449851053124,0.5818230515437055,0.2766393286902706,-0.5516238130655258,-1.1062864715247358,-0.5431550023531093,0.5431550023531089,0
0.24726074681839796,0.171400809887172,-0.746425371775433,3.062271830657602,0.18729613647599244,-1.0865740615332256,-1.9870382940934819,1.528806497554424,-1.5288064975544253,0
2.0247257973869637,-1.5180715628406698,0.1332480580800401,-1.1919069269301419,-0.17140467856715821,0.8172910049484686,0.5236837047358529,-0.25572401940974776,0.25572401940974776,1
-0.9754013054602199,0.7143693695475032,1.4694906668296166,-1.0676648610251833,-0.5450889717609568,1.5912958460070543,0.7341053608376064,-1.845796953114898,1.8457969531148974,1
1.4786871052649424,1.2467565134254588,-0.05535242171804699,1.0388953436712363,-0.6085176063201593,0.8729726998865774,-2.4681611958786,0.11962238995977527,-0.11962238995977525,0
0.5553520149742446,-1.7041026163168789,-0.9573482561585368,-1.1928262126137927,-0.4524437320338122,0.947475405710175,-1.0538598565719342,0.25270940892839816,-0.25270940892839816,0
1.6128482795901675,-0.0560588175894391,-0.4599860978917109,0.273823309369621,-1.314526013410727,-0.11497487540998949,0.2785828705683005,-0.655274630418871,0.6552746304188709,1
0.3046166866508978,-1.1462569027345646,-0.48775846186292293,0.059367850817581176,1.3590479354222569,-0.07607357949318044,-1.0175283962770583,0.6038194578316833,-0.6038194578316837,0
1.4747933681073464,-0.6740181645815924,0.08700050686046364,3.313822993558377,-0.2157852408315225,1.216786866074093,-1.3712756465393594,1.02091074797831,-1.0209107479783104,0
0.16999276219757842,-0.7484158387865675,0.4199625370815843,-0.9328612414762965,-0.33799276397161504,-0.35555144309458886,0.527397474393762,0.2236211351280095,-0.22362113512800946,1
1.328602167982412,-1.2234654905252016,-0.9066547191792084,0.9143751281202952,0.17215269845175893,-1.1402921568429973,0.5836043456034369,0.26563344764709085,-0.2656334476470913,0
1.2361489295680617,-0.7876929267601671,0.15765247308969232,-0.0992997460317468,-0.4452592945585013,-0.8071634770996198,0.6536023864413717,0.7067888528543277,-0.7067888528543278,0
-0.39577618347193627,0.2702967781110509,-0.5112425507906911,2.0309828683817996,-0.5060010224947961,-1.0372749072040763,1.0284812218156552,-0.14936472279095858,0.14936472279095836,1
-0.32480810381388553,-0.8117990901795308,-0.618190161421716,-0.659989513949553,0.364092532943592,-0.24487225703199375,0.8595755687434974,-0.5337347777838205,0.5337347777838201,1
-0.9802727561269996,0.3675713031798954,-0.12987538912356683,-1.124382285464228,-0.07512514408025162,-0.8541707371042657,0.4016532720215585,0.051533763371261004,-0.051533763371261455,0
0.2528739636040139,-0.19496377076855853,0.24959731234636204,-0.5461838040408631,0.2249348410743087,1.1477652379061354,0.36036580648631567,0.37797135414458477,-0.3779713541445852,1
0.6048390241234283,-0.1604180834219348,-0.7735893441472494,-0.5755397854622436,0.5769200100676696,-0.7595185127485338,0.12160396092058619,-0.06610723118158242,0.06610723118158172,0
0.08048838025264164,-0.1275625039253329,-0.7162507659181506,0.1517348822073425,0.5180836827514208,-0.02233858580348392,0.878092486092348,0.08034828275964637,-0.08034828275964681,1
-1.1138783424369851,0.10824547106110258,0.2568156204669542,-1.179511131375401,-0.5890768666048334,0.28322720708465443,1.6179085970264346,-1.1349739364735767,1.1349739364735765,1
1.3868668238408601,-0.4838782496407897,0.9799092815158936,-0.09799596811479777,-0.34941873434201554,-0.12346105682699592,0.9646239468439521,0.7703842828841084,-0.7703842828841092,0
0.2735103340789397,-2.0219010926357024,-0.2429632931550399,-0.6654313471427339,2.011647963297979,0.26738235344339284,0.41415528484397157,-0.04505749796753613,0.045057497967535894,1
-0.8957565876742863,-0.772720388279492,0.9646411537384036,-0.9121096933069007,0.4590139174425856,2.452500631167478,-0.06430140334115363,1.2510347098394032,-1.2510347098394037,0
0.7040168651647437,-0.44674288755639674,2.5139734371572837,0.14750414780311247,1.2896623392318813,0.7565942360285794,0.9451298826517667,-1.8654559380703655,1.8654559380703652,1
1.0099741155410988,-1.3848447495625669,-0.9490516100546968,0.30083451234755526,0.2103679938038337,-0.6433773054285374,-0.057492492140216296,1.1955140505259434,-1.1955140505259436,0
-1.0343770384629771,0.4392471171950405,1.8402969266386549,0.009331688100306849,0.6363444785927194,-0.5128329490469621,-1.2807491318544677,-0.1767233405397975,0.17672334053979746,1
2.0241562072222727,-0.01562771693084767,0.2197476334137242,-0.08565519062135825,-0.27429319933900853,1.3399166457915628,0.5512406424173381,-0.8512471484453239,0.8512471484453238,1
1.964240859762344,-1.2624646405164393,-0.4987846846020951,-0.9510542869292539,0.1753212829831196,-0.7824201511749529,0.8743499292068015,1.3144056288423924,-1.3144056288423924,0
0.10624791042524363,-0.1415700694346074,-0.7406554274034202,-0.2767318110760137,1.1798030475219152,-0.40250830821170386,-1.580314032337788,1.008837498183076,-1.0088374981830768,0
-0.1672954651793679,1.0594468094044958,-1.3666095783212646,-0.2203827322513879,0.3411905140531594,-1.43236346766333,1.05365435447192,-0.2506224960680355,0.25062249606803527,0
0.8012929528767316,-0.6743307504713159,-0.6658569866820284,-0.061834933223179026,0.840451124305102,0.09321469729105841,1.233565478144491,0.48731280468522675,-0.4873128046852267,0
-0.4711249671449531,-1.9954198172349962,-1.200496488151421,-0.6459895957239602,0.6599305097481382,2.3309836266461006,-0.283318613592602,1.0341912819108663,-1.0341912819108663,0
-1.5310980235688363,-1.972583599286262,-1.1379102821198084,-0.5008828498949766,-1.3310852389409977,-0.04012315492750971,-0.05600162620866307,-0.5529145644617213,0.5529145644617207,1
0.9721816771296368,-1.283735212380709,-0.8539137830472406,1.4914979969467237,-1.2501272576867266,0.14269254047562904,-1.6001572392312382,-0.13033585095211594,0.13033585095211572,0
-0.3946224292239549,0.21456080788441306,-0.5248687925170018,0.634981224621967,1.7128884160687967,0.6247032289311929,1.626159456168173,0.7383855348841797,-0.7383855348841799,0
-0.15032444862613661,0.630936148341581,-0.3368244946835089,1.5232184672804052,0.19658741309476913,0.652182820291381,0.7973227690921044,0.791770364154469,-0.7917703641544689,0
0.29803864057394447,-0.8508655602571624,-0.44539245271552613,-0.7423002227446572,-0.9024968565100498,-0.36400302343192054,0.27616475657954304,0.9168430694481471,-0.9168430694481468,0
0.04432318784121256,-0.11090619900073742,-0.4576227668459374,-0.45935117482821525,-0.6519169102470831,1.9888505226504205,0.13769640993033186,1.3941942273790835,-1.394194227379084,0
-1.5695435616560962,0.35870940637635734,0.20997788096775766,-0.9192543226169202,-0.11414263609863487,-0.551485530946766,-1.0594325279925292,-1.981033927964242,1.9810339279642417,1
-1.5609214443400834,-0.5009269789307979,-0.4913187735482607,-0.43351066930789034,0.6773987996786368,-0.1340815891042726,0.4497750956568424,0.8787985525075667,-0.878798552507568,0
0.43078189863695615,1.7569552685594658,0.855766177675883,1.4831502831711514,0.6090707885090305,0.40171419251297824,0.08097193813658599,0.9229622227034056,-0.9229622227034069,0
0.491490675851113,-0.8395480327440267,0.34998875882296937,0.9100496620329115,-1.0219649481223438,-1.0302095532991957,1.3508530544720883,-1.5778668953233868,1.5778668953233863,1
-0.17777277144516343,-1.6595835029062878,-0.5817283978409138,-1.0263868213887988,-0.3622448050002129,0.051415693294001835,-0.04251045462629412,-1.0890250569161901,1.08902505691619,1
-0.6298628173949347,1.5149543436197344,0.25446972875590085,1.5985652088458135,0.3014526798698624,-0.5256604334282583,-0.5461625389662002,-1.2641674970280812,1.2641674970280812,1
0.3686617157825918,0.455867647648553,-0.0005662498710156518,-0.8012875044079505,1.1648548898579811,0.21962720430516397,-0.6123230794827484,0.0636624812994739,-0.06366248129947388,0
0.23815830070228353,0.1741114179675118,-0.22277305505979583,0.07991017132400771,0.1662031813836647,0.4556989202613336,-0.14589554929942758,-0.4230214241529254,0.4230214241529253,1
1.4848632380460116,0.1671626191603899,-0.01783987791000035,-0.9048761629904803,-0.2815752227297375,-0.24759991620020733,0.4979592961660389,-0.07512259966933936,0.07512259966933912,1
-0.17267593847709897,0.4047418054544487,-0.833830776010838,3.728960981276036,0.10365357816343161,-1.0432563758627103,0.016982031449155357,-0.271809365958331,0.2718093659583305,1
1.6264453835661359,0.4166654249079933,0.2577736670890193,0.1364287001861395,1.2992857203152215,-0.2763528447388787,-0.48957150339232924,0.3052059914739185,-0.3052059914739185,0
-0.6105167039953198,1.2241889619394803,0.8491055177438792,0.4749401276213041,-0.7822860856044983,0.054592499210024445,-1.283633116207254,0.882894373549911,-0.8828943735499111,0
0.473443637024898,0.3104805812521112,0.38863073954278343,-0.09578511419846,-0.433920001288828,-0.9705502956408869,-0.4423745019248436,-0.8262461516769626,0.8262461516769625,1
-1.070285272961387,0.4984735802418463,-0.5270813197706873,1.0279271732479798,-0.24580128257063577,-0.02245827889613895,0.454159425708424,0.08271600253673748,-0.0827160025367377,1
-0.9521028708829801,-0.19709774666222052,0.8908585554779154,-0.7283527742716852,0.9214939271259807,-0.7983956695434906,0.2406838975025205,1.1094964721986549,-1.1094964721986555,0
-1.7825923030358408,-0.07004098714653138,0.8102761779576512,-0.10904691126610032,-1.7185248031905815,-0.6895233496011604,0.17976620180340777,-0.6987273109170585,0.6987273109170584,1
0.019861069844177542,-0.31166219892988534,-0.22057401190349957,-0.3527066881759786,-0.3813141807918951,-0.5415643846527383,0.6785765887222235,0.48488691987584265,-0.4848869198758426,0
1.0161342985378456,-0.24951738495465708,-0.7065005534444573,0.18716711067344846,1.6449453327647776,-1.263742762510393,-0.7879424219707357,0.18133787328940768,-0.18133787328940812,0
-0.5957490430016973,-0.010383623153003157,-0.6826545781095732,-0.6171059591944359,0.6839283052446379,-1.0258377015680336,-1.037699299926135,-1.4651780440915856,1.465178044091585,1
-1.1797431215419338,-1.3187782521046991,-1.4325803812722115,-0.9916272863078363,-1.3992715046281647,1.1498505204676497,0.21975796257344346,0.12002180004272259,-0.12002180004272327,0
-0.3066494653421685,-1.0011051781462648,-0.33127811158768256,-1.1704457983847907,-0.7234619871106392,-1.3854188862056487,0.08948197599374728,-1.0058628746009726,1.0058628746009721,1
-0.1421072063191661,-1.1007589318298516,-0.5636778676717524,3.790095715217889,-1.393360488158744,0.13265386171581026,-0.42255696318573766,1.4451852137093075,-1.4451852137093075,0
-0.8584014014360166,0.18750478287850342,0.3300172483625165,-0.9528389087259685,-1.1208375230163077,1.000783075299368,0.11899534931861992,0.36524483342253283,-0.3652448334225328,1
0.8909936201263702,-0.4558004467976829,-0.15799190000904215,-0.728065072370608,0.08741272433595415,0.12669789528992662,-0.10224211929147332,0.8558533480693182,-0.8558533480693186,0
-0.8145158798400006,1.3743478189783596,0.43962982386578203,-0.9280183144417334,-1.831805168570998,1.2392972921804193,0.24619244632562304,-0.7243770902941943,0.7243770902941937,1
-0.993217702312429,-1.2429479366142753,-0.74615574909369,1.0888160455834495,0.1792823327990165,-0.05505738947456157,-1.2025576940979341,-1.2821120726707307,1.28211207267073,1
-1.0524524526825825,0.9167542627076859,-0.6285726598419329,-1.2069831969380185,0.09903622126561332,1.3059510130326528,-0.38728239622378935,0.2863045759112426,-0.28630457591124303,0
0.8578239560194062,-0.8946290493591563,4.221611628050184,-0.3629842287704038,-0.13194687000285255,2.266220206951971,0.8982563449097856,1.1190933336632962,-1.1190933336632962,1
1.5188615203783598,0.4746575286648298,-0.03938349018050564,-0.3518275241139094,0.3991108257755623,-0.27981945023845634,-0.5769337764710114,-0.5151648657710387,0.5151648657710387,1
0.4706143527188571,-0.9794962196284835,3.3519621266570803,-0.24360765702581522,-0.7870891518572952,0.6477923291676234,-0.6750275289672485,-0.12845308750234657,0.12845308750234657,1
-0.8051419330704243,0.08569548231733379,3.7605299324315444,-0.6183730651946004,1.0746359212715724,-0.05416201173900047,1.1774811531292175,0.7994967274866777,-0.799496727486678,1
-0.2263597101782533,1.0514306890492457,1.0111505443517153,-0.9696914326973316,0.6415019342111744,-0.38272224432506474,0.6947376751913408,-1.3201335064483501,1.3201335064483497,1
-0.033434964489334154,0.30245644790357484,0.42064228777361384,0.815551912172219,-0.498326117430089,0.17451728582862988,-2.132125827872663,-1.5422849064361297,1.542284906436129,1
0.532488381404061,0.01757805156311507,-0.6905354755855089,-0.23654312234565678,-0.9849442224616161,-1.2585578697631736,1.2261376757344369,0.8849798527175334,-0.884979852717533,0
0.17162331270689218,1.0816920977371578,2.42422770679373,0.617600705874126,0.0064911537943775155,0.10000128838721838,0.4411198288647158,0.6218059363079845,-0.6218059363079845,1
-0.35734352587401597,1.0200140697850086,0.7669785168323535,-0.17697844015965208,0.24698113579780268,1.014498945595247,-0.34355257199872496,0.44434450549669713,-0.4443445054966973,1
-0.38388379534193795,-0.8371395443502155,0.028330353633973637,-1.167024165610814,-1.159410296445642,-1.452966179106139,-1.462139776952108,-0.643616964489791,0.6436169644897904,0
-1.4676024598681205,-0.09029438006862686,-1.1138347033603162,0.2462180755034051,0.9566800072940685,-0.7743477729023022,1.4325990815833893,0.1455487142695202,-0.14554871426952065,0
-0.12128001844690803,1.7774044369270783,2.344316674433487,0.6804427619936808,-1.215628561142371,-0.7044203045407025,-0.45154165092794,0.6252086183233148,-0.6252086183233152,0
-1.4638151390326575,-0.44924386672667166,1.0230003662072342,-0.5716459512331169,-0.5592681075140808,0.70604079404561,1.562412799500072,0.11023407074717122,-0.11023407074717166,1
1.3217814101227616,0.6736546010482044,0.6170429740769607,0.6172821889610314,-0.14020270851850092,0.5845759109601504,0.44424208451990327,1.4087338536262939,-1.4087338536262937,0
-2.11796200034143,0.7035239177354717,0.003020696755276339,0.05923829123217412,-1.199416186485908,0.4918635660201211,0.7206702724290442,0.8949034368158083,-0.8949034368158092,0
0.2265655993404411,-1.1784833053061228,-0.5922427907837062,-0.002682729384941251,1.1301156178046343,0.3953819404393046,0.32051306555616843,0.3058632542284936,-0.3058632542284936,0
0.5552704521168584,-0.304918705841689,-0.3035902050971812,1.7120666600004377,0.02841025742253749,2.2452329128637114,1.5410004116455378,-0.26088898248428527,0.26088898248428527,1
-0.8874991486965915,1.9939639513185736,-0.7564258295580367,-1.0905291384707665,1.2582257269038133,-0.27306487155531617,1.5051120586771949,0.8800110451871124,-0.8800110451871129,0
0.43025912437570896,-0.4450652810691193,-0.5556712211580671,2.034658964788766,0.814095114122139,0.37266752847248313,-0.5596322589326207,-0.36842959574307205,0.3684295957430713,1
0.2126494153021162,-0.7642056809572382,-0.02359564548171771,-0.43680870167775926,-0.08362892709284941,-0.5067572645554651,-1.9246479341905887,-0.6671152701390497,0.6671152701390497,1
0.4038890575228256,-0.6405050566252234,0.25028446843508323,0.28639659123937783,-0.5945125922779979,-1.2126428997358927,-0.22472847472604832,-1.2680721296835138,1.2680721296835136,1
-0.8190020287910971,-1.1534198760088188,-0.9187417646231222,-0.9938947374335366,1.1804549961916355,-1.4213092816102808,1.1628183910381755,1.0613124518380206,-1.0613124518380206,0
-1.0245364444133938,0.21012950518673748,-1.2276724670413077,0.49455134166573894,-0.6042193458573584,2.130770505919171,-0.013216178352257434,-0.8977917278878071,0.897791727887807,1
0.19400564098715942,0.07449731408047502,-0.9929732955540366,-0.8378999720809175,-0.8504813002704107,-1.2963926078601897,-0.21934793123808718,0.18214613519160144,-0.18214613519160142,0
0.822675958549009,0.8799089682342726,-0.9105223257540026,-0.7218130076671225,0.826593658576512,-1.1540195887474396,-1.6008541895488093,0.866840404799033,-0.8668404047990335,0
0.4414121019327708,1.0949777019859517,0.027999012259245365,1.1365335072963552,1.3765670067115445,-1.4853273649915997,-0.9494238889992126,0.933143770470616,-0.9331437704706164,0
0.8487911358296959,0.7105744003172139,0.046843454195999036,0.6104726459868018,0.9129208817154801,-0.015764444065539725,0.5744538900415436,0.5347639071293675,-0.5347639071293674,0
1.3433644844034927,1.4822903720304672,-0.7690720077751249,-0.6562483114123262,-1.0648527973894009,1.4220551862597424,0.4713473472545921,1.184065819373812,-1.1840658193738123,0
0.8774467521056267,1.4885864982773431,-0.3321401659096751,1.2028003605146589,1.3928598394652556,-0.9731792667995481,-1.1778700219995897,1.2546043287521527,-1.254604328752153,0
0.23222632845746485,1.0135762875588272,0.9682681835263932,-0.17886280773818788,-0.20246812410831316,1.7768465216119511,0.47871043630387505,0.1285316087116968,-0.128531608711697,1
-0.4321491896799253,1.1294328549702104,-0.516610646796985,-0.02384868944319064,0.07184206709043775,-1.3008124521957811,-0.6238670383488142,1.2227774024942866,-1.222777402494286,0
0.40904917902899857,0.8025094507190998,-1.1041671264426014,0.5986997459819581,0.953716065393804,-1.1193637712027784,-1.4428143915135438,-1.1082772143382809,1.1082772143382809,1
0.8429849495794897,2.2427190597686657,-0.879750859549302,-1.2218165781402022,-2.5778513509047905,0.08299969301503717,1.50517453958847,-0.0841731338719725,0.0841731338719725,1
0.38480431411853216,0.12261182233599083,0.5493556506924798,-0.8791483308238293,0.5890423223442878,0.8085214776863244,1.54741182389794,1.296602604621172,-1.296602604621172,0
-2.569181895898444,-0.6136997980300126,-0.07697144359858464,-1.1230576677981456,-1.3904258054324024,0.8047780494619495,1.6372648034214126,0.04304507007842226,-0.04304507007842271,1
-2.073985936096758,0.5222515843710271,0.974344673780053,0.6625173962137026,0.27050942612362566,-1.6827014676277927,0.2122803903293676,0.7078942119490493,-0.7078942119490493,0
-1.8613728077710179,-0.7911570142666204,0.5272385654513264,-0.4979551384624809,1.4106877062434102,0.7119256604028941,1.1685657524710158,0.9897327842688962,-0.9897327842688962,0
0.2046472168929781,-1.3539977772231242,-0.47465095259951406,-0.7199701782858832,-1.2293384227559323,-0.9692222400475357,0.8747762894578501,0.154036124264097,-0.15403612426409743,0
-0.15742759731703396,-0.5003726425554956,-0.5881380942024633,-0.984220281794567,1.0314746434158428,0.4295379465931392,0.6206062808217621,-0.26170336901043273,0.2617033690104327,1
-0.043702109229420145,0.8339981730711687,-0.8468404137059,0.3585809816940865,0.6617506434369783,-0.8176865802325292,0.19679926607366371,-0.7516185738801046,0.751618573880104,1
0.24061315050249585,0.7822650422612616,-0.30564148178418116,1.4882062789891406,-0.6105957580794552,-0.9286186131528641,0.8175134407794042,-0.5395559589431913,0.5395559589431912,1
0.7175584965896857,0.5647548592221255,-0.9886172430348376,-0.6440219864214961,-0.12980661192274207,-0.8539851654338798,0.13371314154607747,0.8195242500382323,-0.8195242500382323,0
-0.6130359454866675,-2.789212918374983,-0.4036319980744523,-0.6443999760507231,0.8702632368315456,0.6218977644183123,-0.14935427237892396,0.9067518184018412,-0.9067518184018415,0
0.32032332081768705,0.0133144772163315,-0.6209027869630209,-0.06197125864598788,-1.7245083888435615,-1.1001188148971859,0.019875922423061985,0.6802894231224155,-0.6802894231224161,0
0.2939995540049788,0.5373750094736977,-0.1713536896774739,-1.067302495013759,-1.1816949106070356,0.8287596400114807,-0.6553745818279271,-0.9502810512713058,0.9502810512713052,1
0.352411958748061,-0.09393642773156174,0.2045480344373436,-0.6817662465004851,-0.05368787100402883,-0.18234751253913564,0.7549347308545167,-0.9176703523369237,0.9176703523369232,1
-0.14213117540579392,0.675650669638,-1.0382637224659932,-0.8194112248395256,0.5154924739076099,1.7687409091857327,-0.5017077414883999,-1.2974670733988103,1.29746707339881,1
1.13585583641475,-0.22917925352377957,-0.6825859679713387,0.5182802070961942,-0.5989086540941918,-0.4905965531817926,0.7114935478955065,-0.18631647045450692,0.1863164704545069,1
0.019536436012017655,-1.6144163710921127,0.06378761632794855,1.2344373385162881,-1.2100966959305122,2.342639803649967,-0.7187543655752363,0.4489062255069096,-0.4489062255069103,1
1.2739463003760902,-0.45594633496451087,-1.2004558914144847,-0.05347428896695796,-0.3288423671161656,-1.1111923176388527,-0.01579653605333209,0.40170690771994205,-0.40170690771994244,0
-1.0014555673333083,-0.4794768059768306,0.7599695051877726,-0.21949302225026146,-0.5318607368247847,-1.1143079379076997,0.8793780744042299,0.5730094975842996,-0.5730094975843,0
-1.077790965162564,0.5053343492545976,-0.282193943488331,-0.9272499817935099,-0.5545703983463837,-0.595354516373716,0.7444941005521533,0.973506365347239,-0.9735063653472403,0
-0.8356426843487086,-0.6270919321763728,-1.3371502481426505,-0.8050249634539867,0.3816953972000068,-0.04955719032011396,-0.42928965194424856,-1.4225439818614032,1.422543981861403,1
1.125873361236707,-1.7850562652322375,0.2859393385387392,-0.6759330487208396,1.2623239937724853,1.0275443602371508,-0.24263261565179509,-0.31051956724194874,0.31051956724194824,1
1.4952483835481694,-0.31548200709377355,2.8636241037205856,-1.2525265787714885,-0.6312088964229075,0.29806962031625084,-0.562969034947457,0.21674128817863816,-0.21674128817863836,1
1.3589973704168292,0.10030268413018141,0.3201637472279866,0.3884047526217351,1.2065224999271698,1.0562864437765278,-0.7085141792513155,-0.19993872733676699,0.19993872733676651,1
0.6429292814225015,-0.9341015637512657,-0.46788478644649145,2.040837117484866,-0.9819866003813841,1.4170282997372865,0.8742285728287591,-0.7947839373104882,0.7947839373104881,1
0.23811572961611815,0.5127123699258452,2.6094695178037624,0.2716965969408408,-1.8570086856215653,-1.3162646747035516,1.3891545205003764,1.5502270572705594,-1.5502270572705599,0
0.8762565976025833,0.468463039279773,-0.5770994677445116,-0.3973329970228038,-0.12587365206695128,-0.7988315223513773,-2.120439321277579,0.6314767751762269,-0.6314767751762268,0
-1.9368895363337786,0.054741060032140305,-0.5645146495510004,-0.25067529057456667,-0.6163736776094944,0.6181539178212152,1.050687869844504,-1.961668497107142,1.9616684971071419,1
-0.31257573005774136,0.19757948685477664,-0.18698470224072097,-0.6545857554358733,-0.4419935543848375,3.3305383405877067,0.607507784484528,-0.8351500887291978,0.8351500887291977,1
0.40111765784091197,1.8382957411573007,-1.3922689948057763,0.9137749979174009,-0.715400838396999,-0.7217649971720685,-0.4988464573957905,0.3643641576530213,-0.36436415765302127,0
0.14588200084529518,-0.09563946279156796,-0.08400116298340843,-0.7496660222599205,0.2983688680125709,0.45625993637896844,0.1560094607336013,-1.271886284330272,1.2718862843302716,1
-0.9958678376785363,-0.19419813542912462,-0.04588951550269305,-0.43323359989891425,-1.3677550134684788,-0.4162585537572723,0.9932005817471178,-2.2540819634815956,2.2540819634815947,1
-1.2977977784385988,0.405069940472491,0.4532157135679796,-1.0850671204861881,-0.8837959048647694,0.5283177813787188,-1.667372790472051,1.3300998090181688,-1.330099809018169,0
0.7817334130237052,0.5696878692321337,-0.1668116019320605,0.7485795079144436,-0.35948986541719924,-0.404179099212318,0.039651580085555596,-0.5792674745385907,0.5792674745385906,1
-0.47407373147431686,-0.6282852805366851,-0.9637443894376696,-0.7977488356114809,-0.9382088503912801,0.48508535171186423,-0.1396729247942329,1.2847858674661818,-1.2847858674661818,0
2.357389977519479,0.42892334848441277,0.0812445085666396,0.8246424323694831,-0.24319780661844964,-0.02623709897438675,1.2646607841287274,-0.6546422456352786,0.6546422456352781,1
0.46441951807111653,-0.017662021387180617,1.4307347166317241,-0.7195878942968054,0.5277497700830818,0.06520424426442993,-1.1990475316780451,0.8662968051157904,-0.8662968051157911,0
0.7580553540496384,-0.5510694732114056,2.4945948255316703,0.23516261696794757,-1.9031365355931675,1.1680381944079037,1.478256376724712,-0.6899794311111642,0.6899794311111641,1
0.6532870725140595,-0.6910967030454266,-1.2255977996131688,2.561779070528393,-0.4743187447302101,-0.008139631017826623,-1.3088811229696233,-0.8507277180155879,0.8507277180155878,1
1.1493760355206053,-1.2991675557773115,-0.6834377174873775,-0.6114085427856171,0.6412160067219921,-0.8862518229343654,-0.14390449778348882,-0.12379736535648787,0.12379736535648786,0
-1.7738828173793901,-0.9754682147964137,0.06949471309196592,0.58710230302155,-0.3765135719430347,-1.5479689375692849,0.6484717984111729,-0.13215652400122427,0.13215652400122424,1
-2.148810570137785,0.09751941927572867,-0.037015844801821025,-0.47916538190109964,-0.44321259929149964,0.5850012586799083,1.3827298001347745,-1.5205912859578794,1.5205912859578787,1
-0.03807700668464586,0.8649716493403049,0.5250721855941571,-0.18509028603353794,-0.38090025339711553,-0.09074458789275815,-0.005414345197762712,0.11667883450546741,-0.1166788345054674,1
-0.08448843809688351,-0.29623399282656554,-0.34377436117550536,-0.8387996111205717,-0.24471235748353082,-1.1644384225511812,-2.3130839707821385,1.195084229514016,-1.1950842295140163,0
0.17270130795760918,0.9683590727025426,-1.413246447466423,-0.3018940640246548,-0.8147275553505986,1.7468644599276169,-0.9229583774674076,0.2702869326989005,-0.2702869326989005,0
1.0701471975290684,-0.498880965122729,-1.003058711330814,-0.5168162653189052,1.605582024304181,0.0838225558576509,1.4422170899788531,0.23647407384428917,-0.23647407384428962,1
-0.32374654498401423,1.497337883196508,2.9618059787827082,0.4661140397790373,1.6116776396942205,-1.3408492519463675,0.2795003810471117,0.1518930608489135,-0.15189306084891369,1
0.17458691663487064,0.21719753377849044,-0.5452413648006763,0.39123324454659464,1.7394438718038423,2.1141410391731776,-0.2877938285057526,1.09635932006353,-1.0963593200635304,0
0.06821098447440133,1.520229232391294,-0.6190751038990887,-0.8733836811546402,-0.5102789781287713,-1.077350522718393,0.2248499928881337,0.6880219477278945,-0.6880219477278949,0
2.580613275524693,-0.74323100585411,-0.8679138467672859,-1.0495424682368684,0.8564640183600501,1.7828117946072617,1.0192208889879364,1.3909679386818934,-1.3909679386818925,0
-0.7574049755219443,-1.0531718826140246,-1.039270631312242,-1.0054034225585007,-2.008458269952415,1.7680471745741995,1.2314350474519031,-1.5907069427337304,1.5907069427337297,1
-1.034334630937384,-0.19423197027864744,1.7008436301173708,-1.1531338868032568,-0.11839314368833713,-0.06768172072550077,0.5616193521013876,-0.6711288187584651,0.6711288187584645,1
-0.48930555614419696,-2.331955978225488,-1.4429472720153966,-1.1317071178086957,-1.1699189354151205,0.41455648386280936,-0.16203120762436177,-0.531826674891172,0.531826674891172,1
-0.274770513733056,-0.5390341590299838,1.866880926076686,2.9512584614212667,0.18187871531236574,-1.388977414711035,0.9740230364027314,0.8860767821503378,-0.8860767821503382,0
-2.2494884738796643,0.18064282241899274,0.7259776272068879,-0.4010208901345582,-0.059229940270210904,1.6828443725255948,-1.181647388227488,0.06317965064006725,-0.06317965064006793,1
-0.7035984975156159,0.282581732292568,0.1497157601623108,-0.24690429094192226,-1.5903275868196376,0.5540926531978692,0.8148019423370524,1.3664835058740457,-1.3664835058740457,0
0.6330321934499972,-0.04541187033468887,-0.10271939130744376,-1.11470023893503,0.11096954938984697,1.5172840553136062,0.25108658526951183,-1.6023428804602835,1.6023428804602833,1
-0.24166973708581868,1.408884969291633,-0.7646272422763157,1.561641139146634,0.9190832590173501,-0.8894325477148741,-0.22304776397166032,0.7306156755457571,-0.7306156755457577,0
0.5660496034043991,-0.1387742385051033,-1.2275209646158967,-1.0714793233433513,-0.020944217906294433,-0.7324250592181231,0.893217554550823,-2.1513651475533995,2.1513651475533995,1
0.6619145697805089,-0.02896457328284414,1.0506804971750385,-0.7303912202650529,0.5662383486865883,0.8330125500727408,1.1744038570677806,-0.4629459752318287,0.4629459752318286,1
0.03548251517344129,-0.28282456383510923,-1.1654957659837635,0.4197315659836806,1.2298301620725414,-0.27093887625479035,0.9669831982596713,-1.6218547339643283,1.621854733964328,1
1.0881549187413406,2.352184300363608,0.6403056216580056,1.518359786065291,0.3028721031589401,1.356513587010952,0.36868135499942795,-0.2004100177078361,0.2004100177078356,1
-0.887115514642134,0.15770824659442584,2.497143520392128,0.444354834569649,1.2741001423299443,0.42390872079545755,0.04501565446071843,-0.7837446079584179,0.7837446079584178,1
-0.3164842324639897,-2.5289024962829254,0.8894572890255465,2.835977199632333,1.757817346829845,-0.6427652918638711,0.2926159852935017,1.1968414493962878,-1.1968414493962882,0
-0.32331469169283517,-0.9056715538895704,1.918709205072007,-1.2582560346899052,0.4282406458875774,-0.23532404677271235,0.6296837732957243,0.5001370907063661,-0.5001370907063661,1
0.08388571185154518,-0.38928799744113596,-0.3044894877828888,0.38300056649013453,0.511903534883282,1.9695652180323695,1.3391958045906094,-1.3712812718621705,1.3712812718621703,1
-0.798755440521455,-0.5934900328459235,0.31915077953349874,-0.7331784927344662,0.7920041902736862,1.2144094126680192,0.10814124016254115,0.7449833669180154,-0.7449833669180154,0
0.3013004234519532,0.48083555356873464,1.064265167165631,-0.8157018481264773,0.6356206620991072,-0.024827625112470022,-1.4439222964072476,0.16105398673732033,-0.16105398673732077,0
-1.2195444791861825,0.42973654098536235,-1.222672767021299,0.9548990534673332,0.13544265487518903,1.8752735762712118,-0.008466917128815329,-1.1747255068584292,1.1747255068584286,1
1.0232400286647472,-1.2798717609250683,-0.18132637795776163,-1.1228178746766202,0.8823207080364233,1.0735470047636084,0.3646429648632394,0.7301891628146177,-0.7301891628146181,0
-0.8440076288276237,0.39345728604170815,-1.1336318141283168,0.3720835052022667,1.991576834391062,-1.4221514544152556,0.7474680288739257,-1.0459696091085948,1.0459696091085942,1
0.09804535618114675,1.075713609405772,0.5052753763109931,0.21765665787078314,-1.9171942631548307,-1.1408832784948142,1.4601416799469522,-1.5334364943958907,1.5334364943958905,1
-1.183589087981855,-0.025090384109383267,-0.11578714590324443,0.9087868867637495,-1.0849214687770257,1.1658822011367074,-1.4740739634351419,0.08603454401033056,-0.08603454401033056,0
0.08611107537629067,0.17150417823309708,-0.2823644111458513,-0.8057018153151362,-0.828935093657819,-1.2955815304333096,0.8898027439665521,1.5135197634106965,-1.513519763410697,0
0.353410306235343,-1.2254778947320386,-1.4429472720153966,0.8506203550776055,1.2474188161557864,0.7186796904394165,0.31981971068676684,0.41696363396930625,-0.4169636339693069,0
-0.39630860916747646,0.7368316307347207,-0.6371923436700764,0.06232279652983143,0.2342160212451049,0.48206774851553463,-1.2266803230139152,0.044747728047015725,-0.04474772804701618,0
-0.3004462171114192,-0.18980481048042025,0.40660017139782295,1.6245506015754578,0.5394063770181681,-0.7471025844557916,0.4388439206587949,-0.12329876590024916,0.12329876590024869,1
-0.4249711584744804,-0.5556688623188941,0.4127391828028462,-0.060248822308450405,-0.4798822812143739,0.40523979297996204,0.6639246138878903,0.5308934029741779,-0.5308934029741779,0
2.5485368541152753,0.786049854835041,-0.3838809239129509,-0.5673240106368973,-0.32700116643571214,-1.1819249730575934,0.23083160750632395,-0.0498989568995579,0.04989895689955744,0
-1.025995515944533,0.8280395845148614,0.31951969020303117,-0.2602065219449794,0.095815061722094,-0.3251759671313733,-1.90576006058981,-0.39784666481170955,0.3978466648117095,0
-0.786205772241947,0.16380793972398014,-0.6296478775355225,0.333173929422004,0.45730353108766064,0.5043476742258488,1.3676817958989569,1.0701210194847348,-1.0701210194847346,0
-0.9123971269639836,-0.1534028673347484,-0.5546357407350674,-0.7036937474585856,-1.0247458564994785,-0.16572242716159244,1.6965066996873552,-0.9154003045206287,0.9154003045206281,1
0.02500900915591174,-0.6880607958934141,-0.40651107605363995,-1.1139002521055592,-0.7233088091139008,-1.0620472038460897,0.5140436324140681,-0.2988131727291519,0.2988131727291514,1
-0.5084224089310768,0.7991066523479644,-0.13466953370316195,0.25184060039206635,-1.591868104298034,-0.39202939280889426,0.5736155390554293,1.1604675719484259,-1.160467571948426,0
0.9149157662612313,-0.5410574545486952,0.5528531047934863,-0.22679214397954253,-1.2089303137771934,0.9519977799171533,1.7902085794139218,-0.7544486661279788,0.7544486661279783,1
-0.8695081084363653,1.323697918470682,-0.024482591922195873,0.5968641483688963,0.15861610259625925,0.8983733658413792,-1.6744484805197855,-1.0133942740942747,1.0133942740942743,1
-1.1117115496412717,1.0408564401650682,1.5247612657884841,0.6984190980294716,1.48222046666263,-1.3725544748815124,0.5386586330432697,0.29722791627683187,-0.2972279162768318,1
-0.8558981862872942,-0.33094375938643095,-0.07492725894950282,-0.8803867895885714,-0.5584195935603129,0.3389540328568191,1.0497140759268708,0.9184923601939289,-0.9184923601939292,0
-1.5871932307752066,-0.7657751015651605,0.7198303218543367,-0.5095738846799013,-0.5443030441065078,1.8508842893987827,-0.6796649923273876,-1.482759821016295,1.4827598210162949,1
1.7528938486674421,0.12389479188696827,-0.41936233379773635,-1.0273034106663301,-0.020673169899716445,-1.5003283802916205,-0.6047635657221494,-0.021648479612867973,0.021648479612867744,0
0.6971336457424138,-0.8656681611954281,0.0029839075288651045,3.0191553476042836,1.241924462028067,-1.3819460954866005,0.6368752499319527,0.446491819362344,-0.4464918193623446,0
0.803804066048734,-0.016141524238862948,-0.9263654845875939,-0.4818378879841998,0.1934579560082164,0.3882743445264565,-0.04785179141981577,0.74460002631543,-0.7446000263154302,0
-0.3229796358367613,0.36319800437739813,-0.26217155929767916,-0.8902961955667094,0.8126534975975526,-0.625541672341547,0.9267107463401637,0.790927908189837,-0.7909279081898372,0
1.7578898962807679,-0.26934379582311674,-0.3843277287977939,2.8540644759796883,1.998329571326923,0.5697519415269275,1.5776353993339736,-0.26364605964322285,0.26364605964322235,1
-0.698727194543822,-0.30565338035049144,-0.9115404880052121,0.11389353675861555,0.9190796472709482,-0.5222298095686645,-1.2130383404001024,0.1186776024891335,-0.11867760248913373,0
0.1921129918206903,-1.6542835688509134,0.6023096456461314,-0.8537343401801086,-0.2710228322775741,-0.3915300953669994,0.48140314114521504,-1.979961503819308,1.9799615038193077,1
2.080501148635388,-2.295903731597023,0.024353922378505043,-0.08272394424199542,1.4494246009829537,0.399157293163689,-0.6203757467459498,-1.6597674048760234,1.6597674048760227,1
-0.733898735014518,-0.015448749081622172,1.2377231491616436,0.08353542822487377,0.03048863113956268,-0.8072321459603555,0.3822613771271421,-2.463949193886662,2.463949193886661,1
1.4997365922208314,-0.035582317957541604,-0.4022669258200714,-0.7957894594066278,2.0669279322492997,1.2053761517656978,0.6094545149111059,0.7348232667652531,-0.7348232667652536,0
-0.29575053179621463,-0.5447521836546425,-1.1000954963013228,0.585468535508682,-1.2447686147817034,-0.07155128356351838,-1.018130285744559,-1.6135375945261312,1.6135375945261305,1
-0.33992613107103814,0.6659978016226177,-0.18713512111753378,1.2086235178136369,-0.6953862341091687,-0.2586090757847606,0.9513938576127505,1.1909899398003039,-1.1909899398003043,0
1.863222485755013,-1.7012373843637818,0.907613324298418,0.25813731830152503,0.5480560469079007,-0.1969735081503316,0.10709010714182132,1.4201227653517925,-1.4201227653517914,0
-0.5817546798897193,0.3919623093468513,-0.8941054932766161,-0.8203275862186131,-2.4309648507650006,-0.07487433822471248,0.18179314160016963,-1.339221725203639,1.3392217252036387,1
-0.6307426047724689,-0.16772349201570316,0.24115630728881574,-1.224543841745165,0.6510618881976062,-0.4776304216260814,0.6618267685942393,-0.07657167766961867,0.0765716776696182,1
0.796702704450749,1.4858199713675286,-1.1982567507942274,0.11562998020723717,1.478816487498462,-1.062605954107319,0.9032089009184957,0.4926017197335534,-0.4926017197335533,0
0.3604897707105482,-0.22708181936050031,-0.8351221569944869,0.008721009790791906,1.8656576886790308,0.3663014930284976,0.3247210874279819,0.8399017086896314,-0.8399017086896313,0
0.16710592131830113,-0.35910157996333486,0.4115091344497309,2.4244955191189277,1.0895528356496111,-0.36231404097884035,0.31214662063057486,1.11807357132964,-1.1180735713296401,0
0.11320432797551555,0.7296769948113454,1.555662089692448,-0.12810898196070247,-0.731898998227902,-1.0009769923995995,1.5299284224183227,-0.19337305329867524,0.1933730532986752,1
-1.2396869585487023,0.864899650453415,0.33173018470208243,-0.17383425424818558,0.0025036993060432444,-1.3989655261658684,0.018155957929300973,1.44617584749828,-1.44617584749828,0
1.267121327278368,-0.9715123043096924,-0.9202234225189251,0.05064245849904126,1.2478012589308314,0.44891981836979045,-2.4198354467946253,1.3645340584406038,-1.364534058440603,0
0.6554014995702964,-0.8693971004873147,0.9625745046594462,0.9313403716523647,1.4669416540137739,-1.5236533469259779,0.356892843903543,-0.45538426330679715,0.4553842633067971,1
-1.3380728160910085,-0.13353486236230871,1.7261110624507698,-0.6254471469003966,-1.0685729316814425,-1.356801740496449,0.06693651592946626,-0.26569669618897807,0.26569669618897807,1
-1.106704173685558,1.660142621760572,-0.20400960830791084,0.852398213935145,-1.0413299899587662,-1.356281898167189,0.35663276918082926,0.3228376331314738,-0.32283763313147446,0
-1.830721115406273,0.38799466393987664,-0.5310633339581383,-0.8162095081431971,0.021006585374071806,1.0234680048577713,0.16000295716946183,0.03295607068825452,-0.03295607068825521,1
-0.502343125122663,-0.4192213828007026,0.8469514659330979,-0.3702102278956269,0.09892025978311346,-0.1811462960610913,-0.5691651818862619,0.331778071883673,-0.331778071883673,0
-1.7040888298306929,-0.6112792199751765,-1.2587243204983094,-0.7292994004500679,-0.14836119340547108,1.9271506179554772,1.0669801597913826,-1.4740950927712442,1.4740950927712435,1
-1.1076875651716278,1.0264076329624185,0.5893353458621039,-1.1844119389769803,-0.16097463753970462,1.257710401523651,0.4158871579204331,1.5715840651324573,-1.5715840651324566,0
-0.23351343580100395,-0.6398935580130175,-0.23664901082188425,-0.5529344121338068,0.10165070087107439,1.0053237713533538,-1.2064423317612494,-0.1765228723506039,0.1765228723506032,1
-0.7785823756722215,1.5584493977310117,-0.9196048119795087,-0.6350992240383964,0.06774474829900139,1.4480953493077005,0.6217586278213894,0.3894097843730284,-0.3894097843730288,0
1.1342179216813695,-1.0346584634717646,-0.556420346147186,-0.6470537884795383,-0.5656868678264366,1.165358636044977,-1.6352124331800317,0.46104873574833993,-0.4610487357483403,0
0.34376432935419404,-0.8752058201013931,-0.9150241690919724,0.0968955759284479,-0.539305228243997,0.608683838971704,1.3987981013063988,-2.1256510272570357,2.1256510272570353,1
0.9175645667853066,-0.2376212920921174,-0.5616851856819384,0.8268495097564673,2.4610834018309053,-0.28177275786945194,-0.426127966763929,0.28956195426141434,-0.28956195426141457,0
1.693015886759604,0.5973592247035117,-0.11576926967471318,0.2281075919653751,0.2663194470052962,-0.16152880824278024,-0.986801647390016,0.907841773855516,-0.9078417738555166,0
-0.40173940470788116,0.28451409644083314,-0.4550379857590838,2.4555590847184483,-0.6882271430674238,-1.1913825627098102,0.45464854231314483,-0.832664547625015,0.832664547625015,1
0.24726937321716522,0.8518147751355029,-0.009303095659838289,-0.9683947515660182,0.43305369545882105,-1.377569944444776,-0.14210772431539365,1.3703316391446199,-1.3703316391446208,0
1.3864302778995947,-0.23969271687673674,0.043823986030721435,-0.6777902639157863,-0.5147052619713389,0.5506771006478709,-0.8455749830520163,-0.19829817897768395,0.1982981789776837,1
0.4555373466229587,0.467579423761882,-0.24186778481430837,0.07757221804908529,-1.8955032652564516,0.8267189514073944,0.6759760603804322,-0.34378536513787633,0.3437853651378756,1
0.36468989524920237,0.571471780314725,0.3169286558346524,-0.8068510851601025,-0.5656575917108515,-1.1608484999214324,-1.3229869162294365,0.2846862548953836,-0.28468625489538374,0
1.106345691583613,-0.5329080843629365,1.7961426842059007,-0.7964593147527266,0.7809542618127024,0.8211181857751622,1.2636787500086213,0.3174216588722802,-0.3174216588722802,1
